### next string,,,,,,,,,,,,,,,,,,
George,Lockhart 3,AU-500y,2300,1695,18.1,4,,,,,,,,,,,,
,,,,,,,SOLO,1788576788397,Sat Sep 05 2026 02:53:08 GMT+0000 (UTC),0,,sighter,4,-244.2,-0.8,601.7,16.5,
,,,,,,,SOLO,1788576844281,Sat Sep 05 2026 02:54:04 GMT+0000 (UTC),0,,,6,-53.9,-4.4,613.1,16.5,
,,,,,,,SOLO,1788576867652,Sat Sep 05 2026 02:54:27 GMT+0000 (UTC),0,,,X,-1.6,12.5,604,16.6,
,,,,,,,SOLO,1788576891200,Sat Sep 05 2026 02:54:51 GMT+0000 (UTC),0,,,6,52.5,-7.1,601,16.6,
,,,,,,,SOLO,1788576915641,Sat Sep 05 2026 02:55:15 GMT+0000 (UTC),0,,,X,-6.8,5.1,611.5,16.6,
,,,,,,,SOLO,1788576931225,Sat Sep 05 2026 02:55:31 GMT+0000 (UTC),0,,,X,-2.7,35.1,611.1,16.5,
,,,,,,,SOLO,1788576949456,Sat Sep 05 2026 02:55:49 GMT+0000 (UTC),0,,,6,-41.7,-19.9,617.4,16.6,
,,,,,,,SOLO,1788576967589,Sat Sep 05 2026 02:56:07 GMT+0000 (UTC),0,,,5,-69.4,-16.7,611.1,16.6,
,,,,,,,SOLO,1788576992148,Sat Sep 05 2026 02:56:32 GMT+0000 (UTC),0,,,6,64.8,-9.8,614.9,16.6,
,,,,,,,SOLO,1788577010359,Sat Sep 05 2026 02:56:50 GMT+0000 (UTC),0,,,6,-42.6,10.3,616.5,16.6,
,,,,,,,SOLO,1788577033415,Sat Sep 05 2026 02:57:13 GMT+0000 (UTC),0,,,X,26.2,-11.1,606.4,16.7,
### next string,,,,,,,,,,,,,,,,,,
Cowell 500,Lockhart 1,AU-500y,2300,1695,25.6,15.6,,,,,,,,,,,,
,,,,,,,SOLO,1788577004529,Sat Sep 05 2026 02:56:44 GMT+0000 (UTC),0,,sighter,4,-184.4,141.2,605.6,18.9,
,,,,,,,SOLO,1788577029854,Sat Sep 05 2026 02:57:09 GMT+0000 (UTC),0,,,6,-32.1,31.7,605.1,18.9,
,,,,,,,SOLO,1788577062555,Sat Sep 05 2026 02:57:42 GMT+0000 (UTC),0,,,5,-79.8,-4.6,616.5,18.8,
,,,,,,,SOLO,1788577090110,Sat Sep 05 2026 02:58:10 GMT+0000 (UTC),0,,,X,16.3,15.8,611.1,18.9,
,,,,,,,SOLO,1788577116524,Sat Sep 05 2026 02:58:36 GMT+0000 (UTC),0,,,X,-2.1,19.6,610.6,18.9,
,,,,,,,SOLO,1788577133420,Sat Sep 05 2026 02:58:53 GMT+0000 (UTC),0,,,6,36.6,45.9,616.3,19,
,,,,,,,SOLO,1788577148795,Sat Sep 05 2026 02:59:08 GMT+0000 (UTC),0,,,6,25,33.4,614.4,18.9,
,,,,,,,SOLO,1788577166952,Sat Sep 05 2026 02:59:26 GMT+0000 (UTC),0,,,6,53.1,9.4,613.4,18.9,
,,,,,,,SOLO,1788577184645,Sat Sep 05 2026 02:59:44 GMT+0000 (UTC),0,,,X,30,-2.9,612.7,18.9,
,,,,,,,SOLO,1788577200983,Sat Sep 05 2026 03:00:00 GMT+0000 (UTC),0,,,6,-2.6,56.6,616.8,19.1,
,,,,,,,SOLO,1788577215287,Sat Sep 05 2026 03:00:15 GMT+0000 (UTC),0,,,6,5.8,41.9,612,19,
### next string,,,,,,,,,,,,,,,,,,
Phipps s1 500,Lockhart 4,AU-500y,2300,1695,-12.5,23.8,,,,,,,,,,,,
,,,,,,,SOLO,1788576969471,Sat Sep 05 2026 02:56:09 GMT+0000 (UTC),0,,sighter,5,-57.5,-49.5,583.1,19.1,
,,,,,,,SOLO,1788577024143,Sat Sep 05 2026 02:57:04 GMT+0000 (UTC),0,,sighter,5,83.7,19.2,601.6,19.2,
,,,,,,,SOLO,1788577057369,Sat Sep 05 2026 02:57:37 GMT+0000 (UTC),0,,,6,33.1,36.1,595.4,19.1,
,,,,,,,SOLO,1788577081463,Sat Sep 05 2026 02:58:01 GMT+0000 (UTC),0,,,6,37.2,-47.7,595,19.1,
,,,,,,,SOLO,1788577110539,Sat Sep 05 2026 02:58:30 GMT+0000 (UTC),0,,,X,19.3,24.2,593.3,19.2,
,,,,,,,SOLO,1788577131115,Sat Sep 05 2026 02:58:51 GMT+0000 (UTC),0,,,6,38.7,-16.4,595.4,19.3,
,,,,,,,SOLO,1788577153889,Sat Sep 05 2026 02:59:13 GMT+0000 (UTC),0,,,6,6.8,-40.1,586.7,19.2,
,,,,,,,SOLO,1788577173993,Sat Sep 05 2026 02:59:33 GMT+0000 (UTC),0,,,X,16.6,-9.1,591,19.2,
,,,,,,,SOLO,1788577187825,Sat Sep 05 2026 02:59:47 GMT+0000 (UTC),0,,,6,20.6,42.2,594.3,19.3,
,,,,,,,SOLO,1788577224007,Sat Sep 05 2026 03:00:24 GMT+0000 (UTC),0,,,X,20.1,28.8,592.7,19.1,
,,,,,,,SOLO,1788577251056,Sat Sep 05 2026 03:00:51 GMT+0000 (UTC),0,,,6,36.4,26.3,600,19.3,
,,,,,,,SOLO,1788577265738,Sat Sep 05 2026 03:01:05 GMT+0000 (UTC),0,,,6,38.5,-6.4,598.1,19.4,
### next string,,,,,,,,,,,,,,,,,,
Niederegger,Lockhart 3,AU-500y,2300,1695,18.1,4,,,,,,,,,,,,
,,,,,,,SOLO,1788577122011,Sat Sep 05 2026 02:58:42 GMT+0000 (UTC),0,,,5,15.5,105.9,565.9,16.7,
,,,,,,,SOLO,1788577142263,Sat Sep 05 2026 02:59:02 GMT+0000 (UTC),0,,,5,33.2,61.6,572.4,16.7,
,,,,,,,SOLO,1788577172011,Sat Sep 05 2026 02:59:32 GMT+0000 (UTC),0,,,V,-13.6,-11.6,571.7,16.9,
,,,,,,,SOLO,1788577190045,Sat Sep 05 2026 02:59:50 GMT+0000 (UTC),0,,,V,-23.2,-30.4,567.4,16.7,
,,,,,,,SOLO,1788577204708,Sat Sep 05 2026 03:00:04 GMT+0000 (UTC),0,,,V,12.5,-29.5,563.7,16.8,
,,,,,,,SOLO,1788577223814,Sat Sep 05 2026 03:00:23 GMT+0000 (UTC),0,,,V,22.2,53.5,570.6,16.9,
,,,,,,,SOLO,1788577239354,Sat Sep 05 2026 03:00:39 GMT+0000 (UTC),0,,,5,90.3,-24.4,566.8,16.9,
,,,,,,,SOLO,1788577260168,Sat Sep 05 2026 03:01:00 GMT+0000 (UTC),0,,,V,40.3,-34.4,563.5,17,
,,,,,,,SOLO,1788577273737,Sat Sep 05 2026 03:01:13 GMT+0000 (UTC),0,,,V,-2.7,-27.6,572.4,17,
,,,,,,,SOLO,1788577287566,Sat Sep 05 2026 03:01:27 GMT+0000 (UTC),0,,,5,49.9,-52.5,569.4,17,
### next string,,,,,,,,,,,,,,,,,,
Sari,Lockhart 5,AU-500y,2300,1695,-12.8,10.8,,,,,,,,,,,,
,,,,,,,SOLO,1788577125031,Sat Sep 05 2026 02:58:45 GMT+0000 (UTC),0,,sighter,4,-26.2,194.8,619.1,19.6,
,,,,,,,SOLO,1788577158169,Sat Sep 05 2026 02:59:18 GMT+0000 (UTC),0,,sighter,5,-58.4,112.5,630.6,19.3,
,,,,,,,SOLO,1788577177753,Sat Sep 05 2026 02:59:37 GMT+0000 (UTC),0,,,6,-45.2,19.4,629.7,19.6,
,,,,,,,SOLO,1788577197902,Sat Sep 05 2026 02:59:57 GMT+0000 (UTC),0,,,6,6.9,40.4,629.2,19.7,
,,,,,,,SOLO,1788577214047,Sat Sep 05 2026 03:00:14 GMT+0000 (UTC),0,,,6,-28.4,23.8,631.3,19.6,
,,,,,,,SOLO,1788577232069,Sat Sep 05 2026 03:00:32 GMT+0000 (UTC),0,,,6,43.8,-40.6,631,19.2,
,,,,,,,SOLO,1788577251584,Sat Sep 05 2026 03:00:51 GMT+0000 (UTC),0,,,X,31.6,2.1,633.1,19.6,
,,,,,,,SOLO,1788577269516,Sat Sep 05 2026 03:01:09 GMT+0000 (UTC),0,,,6,21.7,32.3,628,21.2,
,,,,,,,SOLO,1788577282761,Sat Sep 05 2026 03:01:22 GMT+0000 (UTC),0,,,6,65.7,1.6,634,19.8,
,,,,,,,SOLO,1788577305630,Sat Sep 05 2026 03:01:45 GMT+0000 (UTC),0,,,5,-78.1,13.2,633.6,19.8,
,,,,,,,SOLO,1788577321372,Sat Sep 05 2026 03:02:01 GMT+0000 (UTC),0,,,6,-23.2,32.9,636.5,20.3,
,,,,,,,SOLO,1788577332788,Sat Sep 05 2026 03:02:12 GMT+0000 (UTC),0,,,X,18,12.2,630.3,19.8,
### next string,,,,,,,,,,,,,,,,,,
Daniel,Lockhart 2,AU-500y,2300,1695,-0.2,19,,,,,,,,,,,,
,,,,,,,SOLO,1788576890474,Sat Sep 05 2026 02:54:50 GMT+0000 (UTC),0,,,V,-21.8,44.5,594.2,19.1,
,,,,,,,SOLO,1788577116211,Sat Sep 05 2026 02:58:36 GMT+0000 (UTC),0,,,5,-7.7,96.9,611.7,19.2,
,,,,,,,SOLO,1788577169649,Sat Sep 05 2026 02:59:29 GMT+0000 (UTC),0,,,5,-70.8,-12.4,602.6,19.3,
,,,,,,,SOLO,1788577223237,Sat Sep 05 2026 03:00:23 GMT+0000 (UTC),0,,,4,200.9,-82,609.3,19.3,
,,,,,,,SOLO,1788577266838,Sat Sep 05 2026 03:01:06 GMT+0000 (UTC),0,,,5,88.2,-68.1,612.6,19.4,
,,,,,,,SOLO,1788577313754,Sat Sep 05 2026 03:01:53 GMT+0000 (UTC),0,,,5,9.8,72,605.2,19.6,
,,,,,,,SOLO,1788577340554,Sat Sep 05 2026 03:02:20 GMT+0000 (UTC),0,,,V,59.4,-9.6,608.1,19.8,
,,,,,,,SOLO,1788577387993,Sat Sep 05 2026 03:03:07 GMT+0000 (UTC),0,,,V,-29.8,41.8,604,19.6,
,,,,,,,SOLO,1788577431775,Sat Sep 05 2026 03:03:51 GMT+0000 (UTC),0,,,V,-32.5,17.1,600.9,19.6,
,,,,,,,SOLO,1788577477055,Sat Sep 05 2026 03:04:37 GMT+0000 (UTC),0,,,V,64.9,19.5,605.8,19.7,
### next string,,,,,,,,,,,,,,,,,,
Crowe,Lockhart 5,AU-500y,2300,1695,-12.8,10.8,,,,,,,,,,,,
,,,,,,,SOLO,1788577444293,Sat Sep 05 2026 03:04:04 GMT+0000 (UTC),0,,sighter,5,-11.8,126.7,603.2,19.9,
,,,,,,,SOLO,1788577470506,Sat Sep 05 2026 03:04:30 GMT+0000 (UTC),0,,sighter,5,71,56.2,616.5,19.8,
,,,,,,,SOLO,1788577507167,Sat Sep 05 2026 03:05:07 GMT+0000 (UTC),0,,,X,-23.6,11.5,610.2,19.9,
,,,,,,,SOLO,1788577523786,Sat Sep 05 2026 03:05:23 GMT+0000 (UTC),0,,,6,-41.5,-23.3,605.4,19.9,
,,,,,,,SOLO,1788577539852,Sat Sep 05 2026 03:05:39 GMT+0000 (UTC),0,,,X,24.7,9.4,614.7,20.1,
,,,,,,,SOLO,1788577549224,Sat Sep 05 2026 03:05:49 GMT+0000 (UTC),0,,,X,-19,27.9,615,20.4,
,,,,,,,SOLO,1788577558323,Sat Sep 05 2026 03:05:58 GMT+0000 (UTC),0,,,X,26.4,19.9,606.3,19.9,
,,,,,,,SOLO,1788577575901,Sat Sep 05 2026 03:06:15 GMT+0000 (UTC),0,,,6,37.6,-18.7,613.6,19.9,
,,,,,,,SOLO,1788577596334,Sat Sep 05 2026 03:06:36 GMT+0000 (UTC),0,,,5,-58,-51,608.9,20,
,,,,,,,SOLO,1788577623624,Sat Sep 05 2026 03:07:03 GMT+0000 (UTC),0,,,X,-5.1,-19.4,610.7,20,
,,,,,,,SOLO,1788577636399,Sat Sep 05 2026 03:07:16 GMT+0000 (UTC),0,,,6,-31.4,-35.5,612.3,20.1,
,,,,,,,SOLO,1788577648809,Sat Sep 05 2026 03:07:28 GMT+0000 (UTC),0,,,6,33.1,-18.3,612.5,20.1,
### next string,,,,,,,,,,,,,,,,,,
Mark Anstee,Lockhart 3,AU-500y,2300,1695,18.1,4,,,,,,,,,,,,
,,,,,,,SOLO,1788577422620,Sat Sep 05 2026 03:03:42 GMT+0000 (UTC),0,,sighter,4,-141.3,-18.1,589.7,17.2,
,,,,,,,SOLO,1788577517463,Sat Sep 05 2026 03:05:17 GMT+0000 (UTC),0,,sighter,5,111.5,0.2,604.5,17.3,
,,,,,,,SOLO,1788577547719,Sat Sep 05 2026 03:05:47 GMT+0000 (UTC),0,,,X,-7.8,-26.4,606.9,17.3,
,,,,,,,SOLO,1788577568283,Sat Sep 05 2026 03:06:08 GMT+0000 (UTC),0,,,X,11.2,27.7,609,17.2,
,,,,,,,SOLO,1788577606263,Sat Sep 05 2026 03:06:46 GMT+0000 (UTC),0,,,X,9,16.3,600.8,17.3,
,,,,,,,SOLO,1788577620686,Sat Sep 05 2026 03:07:00 GMT+0000 (UTC),0,,,X,8.8,-20.3,598.4,17.3,
,,,,,,,SOLO,1788577636231,Sat Sep 05 2026 03:07:16 GMT+0000 (UTC),0,,,X,-17.9,8.6,607.7,17.4,
,,,,,,,SOLO,1788577659259,Sat Sep 05 2026 03:07:39 GMT+0000 (UTC),0,,,X,26.6,11.6,607.7,17.4,
,,,,,,,SOLO,1788577675134,Sat Sep 05 2026 03:07:55 GMT+0000 (UTC),0,,,5,66.4,28.3,609.4,17.4,
,,,,,,,SOLO,1788577705001,Sat Sep 05 2026 03:08:25 GMT+0000 (UTC),0,,,X,21.2,-16.6,603.6,17.5,
,,,,,,,SOLO,1788577718172,Sat Sep 05 2026 03:08:38 GMT+0000 (UTC),0,,,X,18,-22.1,604.5,17.4,
,,,,,,,SOLO,1788577734683,Sat Sep 05 2026 03:08:54 GMT+0000 (UTC),0,,,6,33.4,-19.9,609.6,17.5,
### next string,,,,,,,,,,,,,,,,,,
Tony Tugwell ,Lockhart 1,AU-500y,2300,1695,25.6,15.6,,,,,,,,,,,,
,,,,,,,SOLO,1788577448603,Sat Sep 05 2026 03:04:08 GMT+0000 (UTC),0,,sighter,5,-60.2,95,612.1,19.3,
,,,,,,,SOLO,1788577520995,Sat Sep 05 2026 03:05:20 GMT+0000 (UTC),0,,sighter,5,94.2,-27.7,625,19.4,
,,,,,,,SOLO,1788577554602,Sat Sep 05 2026 03:05:54 GMT+0000 (UTC),0,,,6,-37.6,26.2,624,19.4,
,,,,,,,SOLO,1788577577444,Sat Sep 05 2026 03:06:17 GMT+0000 (UTC),0,,,X,27.2,-0.8,622.5,19.4,
,,,,,,,SOLO,1788577597749,Sat Sep 05 2026 03:06:37 GMT+0000 (UTC),0,,,X,16.7,0.3,623.5,18.7,
,,,,,,,SOLO,1788577621551,Sat Sep 05 2026 03:07:01 GMT+0000 (UTC),0,,,5,60.3,42.7,628.6,19.4,
,,,,,,,SOLO,1788577642632,Sat Sep 05 2026 03:07:22 GMT+0000 (UTC),0,,,X,12.8,-25.9,622.5,19.4,
,,,,,,,SOLO,1788577669351,Sat Sep 05 2026 03:07:49 GMT+0000 (UTC),0,,,X,-3.3,-34,620.1,19.4,
,,,,,,,SOLO,1788577688345,Sat Sep 05 2026 03:08:08 GMT+0000 (UTC),0,,,6,64.6,-14.2,616.9,19.3,
,,,,,,,SOLO,1788577712593,Sat Sep 05 2026 03:08:32 GMT+0000 (UTC),0,,,5,58.5,-63,628.5,19.3,
,,,,,,,SOLO,1788577738736,Sat Sep 05 2026 03:08:58 GMT+0000 (UTC),0,,,5,-14.4,-88.8,616.3,19.5,
,,,,,,,SOLO,1788577765636,Sat Sep 05 2026 03:09:25 GMT+0000 (UTC),0,,,6,57.1,-6.6,626,18.5,
### next string,,,,,,,,,,,,,,,,,,
Stres,Lockhart 2,AU-500y,2300,1695,-0.2,19,,,,,,,,,,,,
,,,,,,,SOLO,1788577623490,Sat Sep 05 2026 03:07:03 GMT+0000 (UTC),0,,sighter,2,-452.1,170.9,588.2,19.9,
,,,,,,,SOLO,1788577701770,Sat Sep 05 2026 03:08:21 GMT+0000 (UTC),0,,sighter,4,152.6,33.4,599.7,19.9,
,,,,,,,SOLO,1788577729646,Sat Sep 05 2026 03:08:49 GMT+0000 (UTC),0,,,5,111.1,40.5,601.7,22.4,
,,,,,,,SOLO,1788577750367,Sat Sep 05 2026 03:09:10 GMT+0000 (UTC),0,,,5,84.6,-74,595.9,20,
,,,,,,,SOLO,1788577769393,Sat Sep 05 2026 03:09:29 GMT+0000 (UTC),0,,,V,8.8,27.3,598.8,20.4,
,,,,,,,SOLO,1788577782121,Sat Sep 05 2026 03:09:42 GMT+0000 (UTC),0,,,5,81.1,-77,598.9,20.1,
,,,,,,,SOLO,1788577795646,Sat Sep 05 2026 03:09:55 GMT+0000 (UTC),0,,,5,-92.8,-13.6,599.8,19.4,
,,,,,,,SOLO,1788577811148,Sat Sep 05 2026 03:10:11 GMT+0000 (UTC),0,,,V,30.3,1.1,596.8,19.3,
,,,,,,,SOLO,1788577825219,Sat Sep 05 2026 03:10:25 GMT+0000 (UTC),0,,,5,120.4,-13.1,601.7,20.1,
,,,,,,,SOLO,1788577839072,Sat Sep 05 2026 03:10:39 GMT+0000 (UTC),0,,,5,118.3,-9,596.1,20.5,
,,,,,,,SOLO,1788577853478,Sat Sep 05 2026 03:10:53 GMT+0000 (UTC),0,,,V,-30.1,3.6,600.2,20.2,
,,,,,,,SOLO,1788577867484,Sat Sep 05 2026 03:11:07 GMT+0000 (UTC),0,,,V,58.8,18.4,600.5,20.3,
### next string,,,,,,,,,,,,,,,,,,
L Brinkley,Lockhart 4,AU-500y,2300,1695,-12.5,23.8,,,,,,,,,,,,
,,,,,,,SOLO,1788577473337,Sat Sep 05 2026 03:04:33 GMT+0000 (UTC),0,,sighter,3,251.1,198.9,570,19.4,
,,,,,,,SOLO,1788577561089,Sat Sep 05 2026 03:06:01 GMT+0000 (UTC),0,,,5,63.4,-101.9,594.4,19.4,
,,,,,,,SOLO,1788577600627,Sat Sep 05 2026 03:06:40 GMT+0000 (UTC),0,,,5,-64.1,31,594.3,19.4,
,,,,,,,SOLO,1788577634997,Sat Sep 05 2026 03:07:14 GMT+0000 (UTC),0,,,5,75.3,56.9,593.5,19.4,
,,,,,,,SOLO,1788577666995,Sat Sep 05 2026 03:07:46 GMT+0000 (UTC),0,,,5,82,-3,592.6,19.6,
,,,,,,,SOLO,1788577707469,Sat Sep 05 2026 03:08:27 GMT+0000 (UTC),0,,,V,7.6,-8.3,594.5,19.2,
,,,,,,,SOLO,1788577747472,Sat Sep 05 2026 03:09:07 GMT+0000 (UTC),0,,,5,114.7,-30.1,596.1,19.7,
,,,,,,,SOLO,1788577785804,Sat Sep 05 2026 03:09:45 GMT+0000 (UTC),0,,,V,47.7,10.7,593.9,19.6,
,,,,,,,SOLO,1788577820224,Sat Sep 05 2026 03:10:20 GMT+0000 (UTC),0,,,V,-32,53.4,589.7,19.8,
,,,,,,,SOLO,1788577860150,Sat Sep 05 2026 03:11:00 GMT+0000 (UTC),0,,,5,-4,70.6,599.8,19.8,
,,,,,,,SOLO,1788577895158,Sat Sep 05 2026 03:11:35 GMT+0000 (UTC),0,,,V,20.1,64.1,601.8,19.1,
### next string,,,,,,,,,,,,,,,,,,
Norm Jamie’s on,Lockhart 2,AU-500y,2300,1695,-0.2,19,,,,,,,,,,,,
,,,,,,,SOLO,1788578065969,Sat Sep 05 2026 03:14:25 GMT+0000 (UTC),0,,sighter,5,66,100.6,605.7,20.7,
,,,,,,,SOLO,1788578096120,Sat Sep 05 2026 03:14:56 GMT+0000 (UTC),0,,sighter,5,54.3,42.6,614.9,22,
,,,,,,,SOLO,1788578129159,Sat Sep 05 2026 03:15:29 GMT+0000 (UTC),0,,,X,2.7,13.3,612.2,20.8,
,,,,,,,SOLO,1788578141676,Sat Sep 05 2026 03:15:41 GMT+0000 (UTC),0,,,X,-18.3,6.9,611.4,20.8,
,,,,,,,SOLO,1788578151679,Sat Sep 05 2026 03:15:51 GMT+0000 (UTC),0,,,X,-9.6,13.1,613,20.8,
,,,,,,,SOLO,1788578161707,Sat Sep 05 2026 03:16:01 GMT+0000 (UTC),0,,,X,-0.7,-26.2,609,19.6,
,,,,,,,SOLO,1788578173164,Sat Sep 05 2026 03:16:13 GMT+0000 (UTC),0,,,X,20.5,24.4,616.7,20.8,
,,,,,,,SOLO,1788578188360,Sat Sep 05 2026 03:16:28 GMT+0000 (UTC),0,,,X,-15.9,0.3,614.2,20.9,
,,,,,,,SOLO,1788578198155,Sat Sep 05 2026 03:16:38 GMT+0000 (UTC),0,,,X,-22.4,11.7,619.1,20.8,
,,,,,,,SOLO,1788578208045,Sat Sep 05 2026 03:16:48 GMT+0000 (UTC),0,,,6,-27.2,-28.3,615.7,20.8,
,,,,,,,SOLO,1788578219511,Sat Sep 05 2026 03:16:59 GMT+0000 (UTC),0,,,X,-5,13.8,612.3,20.9,
,,,,,,,SOLO,1788578230074,Sat Sep 05 2026 03:17:10 GMT+0000 (UTC),0,,,X,6.1,8.2,611.8,20.9,
### next string,,,,,,,,,,,,,,,,,,
C Halloran,Lockhart 5,AU-500y,2300,1695,-12.8,10.8,,,,,,,,,,,,
,,,,,,,SOLO,1788577818118,Sat Sep 05 2026 03:10:18 GMT+0000 (UTC),0,,sighter,5,81.6,-22.7,589.5,20.2,
,,,,,,,SOLO,1788577849431,Sat Sep 05 2026 03:10:49 GMT+0000 (UTC),0,,sighter,4,181.2,62,601.3,20.2,
,,,,,,,SOLO,1788577917423,Sat Sep 05 2026 03:11:57 GMT+0000 (UTC),0,,,4,146.4,-36.4,596.6,20.3,
,,,,,,,SOLO,1788577983030,Sat Sep 05 2026 03:13:03 GMT+0000 (UTC),0,,,5,-96.7,4.5,598,22.8,
,,,,,,,SOLO,1788578052489,Sat Sep 05 2026 03:14:12 GMT+0000 (UTC),0,,,4,78.2,-118.8,592.9,20.7,
,,,,,,,SOLO,1788578093726,Sat Sep 05 2026 03:14:53 GMT+0000 (UTC),0,,,5,-0.2,-129.4,591.3,20.9,
,,,,,,,SOLO,1788578134145,Sat Sep 05 2026 03:15:34 GMT+0000 (UTC),0,,,V,29.9,51.9,596.2,20.9,
,,,,,,,SOLO,1788578192651,Sat Sep 05 2026 03:16:32 GMT+0000 (UTC),0,,,4,119.8,68.4,597.6,20.8,
,,,,,,,SOLO,1788578232683,Sat Sep 05 2026 03:17:12 GMT+0000 (UTC),0,,,4,83.3,-104.9,596.3,20.9,
,,,,,,,SOLO,1788578268674,Sat Sep 05 2026 03:17:48 GMT+0000 (UTC),0,,,5,-24.2,86.4,605.5,21,
,,,,,,,SOLO,1788578313947,Sat Sep 05 2026 03:18:33 GMT+0000 (UTC),0,,,5,43.8,108.3,594.7,20.9,
,,,,,,,SOLO,1788578346926,Sat Sep 05 2026 03:19:06 GMT+0000 (UTC),0,,,5,51.2,-91.6,598.1,21,
### next string,,,,,,,,,,,,,,,,,,
Scott Brindley,Lockhart 3,AU-500y,2300,1695,18.1,4,,,,,,,,,,,,
,,,,,,,SOLO,1788578003816,Sat Sep 05 2026 03:13:23 GMT+0000 (UTC),0,,,V,-11.9,66,578.4,18.1,
,,,,,,,SOLO,1788578067178,Sat Sep 05 2026 03:14:27 GMT+0000 (UTC),0,,,V,26,20.1,582.1,18.3,
,,,,,,,SOLO,1788578102390,Sat Sep 05 2026 03:15:02 GMT+0000 (UTC),0,,,5,-96.6,0.9,579.5,18.4,
,,,,,,,SOLO,1788578149055,Sat Sep 05 2026 03:15:49 GMT+0000 (UTC),0,,,5,16.1,76,582.2,18.4,
,,,,,,,SOLO,1788578277040,Sat Sep 05 2026 03:17:57 GMT+0000 (UTC),0,,,V,16.2,-33.4,580.1,18.6,
,,,,,,,SOLO,1788578299312,Sat Sep 05 2026 03:18:19 GMT+0000 (UTC),0,,,4,-137.7,-8.1,577.3,18.6,
,,,,,,,SOLO,1788578323004,Sat Sep 05 2026 03:18:43 GMT+0000 (UTC),0,,,5,73.3,97.4,585.8,18.8,
,,,,,,,SOLO,1788578358413,Sat Sep 05 2026 03:19:18 GMT+0000 (UTC),0,,,5,50.6,56.4,581.3,18.6,
,,,,,,,SOLO,1788578389663,Sat Sep 05 2026 03:19:49 GMT+0000 (UTC),0,,,5,14.1,-69.6,584.8,18.7,
,,,,,,,SOLO,1788578427621,Sat Sep 05 2026 03:20:27 GMT+0000 (UTC),0,,,5,-66.3,28.5,579.6,18.8,
,,,,,,,SOLO,1788578487615,Sat Sep 05 2026 03:21:27 GMT+0000 (UTC),0,,,V,9.9,-32.2,592,18.5,
### next string,,,,,,,,,,,,,,,,,,
Alex,Lockhart 4,AU-500y,2300,1695,-12.5,23.8,,,,,,,,,,,,
,,,,,,,SOLO,1788578030930,Sat Sep 05 2026 03:13:50 GMT+0000 (UTC),0,,sighter,4,-104.9,158.2,563.8,19.7,
,,,,,,,SOLO,1788578086890,Sat Sep 05 2026 03:14:46 GMT+0000 (UTC),0,,,5,72.2,-52.4,568,20.3,
,,,,,,,SOLO,1788578137449,Sat Sep 05 2026 03:15:37 GMT+0000 (UTC),0,,,4,-154.4,107.5,569.7,20.4,
,,,,,,,SOLO,1788578192761,Sat Sep 05 2026 03:16:32 GMT+0000 (UTC),0,,,5,-36.8,62.5,559.7,20.3,
,,,,,,,SOLO,1788578245640,Sat Sep 05 2026 03:17:25 GMT+0000 (UTC),0,,,4,-140.3,41,565.9,20.7,
,,,,,,,SOLO,1788578298096,Sat Sep 05 2026 03:18:18 GMT+0000 (UTC),0,,,5,-43.7,85.8,557.2,22.4,
,,,,,,,SOLO,1788578353964,Sat Sep 05 2026 03:19:13 GMT+0000 (UTC),0,,,5,87.5,-16,568,20.5,
,,,,,,,SOLO,1788578406417,Sat Sep 05 2026 03:20:06 GMT+0000 (UTC),0,,,5,-60.5,38.8,561.5,19.5,
,,,,,,,SOLO,1788578474712,Sat Sep 05 2026 03:21:14 GMT+0000 (UTC),0,,,V,-24.1,11.8,566.2,20.5,
,,,,,,,SOLO,1788578532012,Sat Sep 05 2026 03:22:12 GMT+0000 (UTC),0,,,V,23.6,31.7,561,20.1,
,,,,,,,SOLO,1788578585026,Sat Sep 05 2026 03:23:05 GMT+0000 (UTC),0,,,V,13.6,11.3,563.6,20.3,
### next string,,,,,,,,,,,,,,,,,,
Ss,Lockhart 2,AU-500y,2300,1695,-0.2,19,,,,,,,,,,,,
,,,,,,,SOLO,1788578374160,Sat Sep 05 2026 03:19:34 GMT+0000 (UTC),0,,,6,-33.2,20.3,609.2,20.9,
,,,,,,,SOLO,1788578399459,Sat Sep 05 2026 03:19:59 GMT+0000 (UTC),0,,,X,13.3,21,605.4,20.6,
,,,,,,,SOLO,1788578431426,Sat Sep 05 2026 03:20:31 GMT+0000 (UTC),0,,,6,1,54,613.6,21,
,,,,,,,SOLO,1788578467939,Sat Sep 05 2026 03:21:07 GMT+0000 (UTC),0,,,6,-39.5,27.4,616.9,20.9,
,,,,,,,SOLO,1788578509246,Sat Sep 05 2026 03:21:49 GMT+0000 (UTC),0,,,6,53.6,0.3,612.5,20.5,
,,,,,,,SOLO,1788578532827,Sat Sep 05 2026 03:22:12 GMT+0000 (UTC),0,,,X,-34,3.9,610.2,21.1,
,,,,,,,SOLO,1788578555883,Sat Sep 05 2026 03:22:35 GMT+0000 (UTC),0,,,X,-26.9,23.3,610.5,21,
,,,,,,,SOLO,1788578580044,Sat Sep 05 2026 03:23:00 GMT+0000 (UTC),0,,,5,74.1,-13.1,611.3,23,
,,,,,,,SOLO,1788578603897,Sat Sep 05 2026 03:23:23 GMT+0000 (UTC),0,,,X,1.2,-26.6,609.5,21.1,
,,,,,,,SOLO,1788578633445,Sat Sep 05 2026 03:23:53 GMT+0000 (UTC),0,,,6,56.9,-9,610.2,20.7,
### next string,,,,,,,,,,,,,,,,,,
Paul Golden,Lockhart 1,AU-500y,2300,1695,25.6,15.6,,,,,,,,,,,,
,,,,,,,SOLO,1788578435032,Sat Sep 05 2026 03:20:35 GMT+0000 (UTC),0,,sighter,3,-125.1,409.4,599.3,20.5,
,,,,,,,SOLO,1788578487845,Sat Sep 05 2026 03:21:27 GMT+0000 (UTC),0,,sighter,5,35.9,128.8,614.3,22.3,
,,,,,,,SOLO,1788578513569,Sat Sep 05 2026 03:21:53 GMT+0000 (UTC),0,,,5,107,57.7,605.9,20.4,
,,,,,,,SOLO,1788578536012,Sat Sep 05 2026 03:22:16 GMT+0000 (UTC),0,,,6,-46.3,34.1,615.4,20.5,
,,,,,,,SOLO,1788578555755,Sat Sep 05 2026 03:22:35 GMT+0000 (UTC),0,,,6,30.1,60.7,613.4,20.6,
,,,,,,,SOLO,1788578573119,Sat Sep 05 2026 03:22:53 GMT+0000 (UTC),0,,,X,0.5,-24.6,601.8,20.4,
,,,,,,,SOLO,1788578588839,Sat Sep 05 2026 03:23:08 GMT+0000 (UTC),0,,,6,40.6,10.6,604.9,20.5,
,,,,,,,SOLO,1788578610593,Sat Sep 05 2026 03:23:30 GMT+0000 (UTC),0,,,5,-59.3,58.6,607,21.8,
,,,,,,,SOLO,1788578640650,Sat Sep 05 2026 03:24:00 GMT+0000 (UTC),0,,,5,-4.4,70.3,604.1,20.2,
,,,,,,,SOLO,1788578708660,Sat Sep 05 2026 03:25:08 GMT+0000 (UTC),0,,,4,166.5,0.8,614.5,20.5,
,,,,,,,SOLO,1788578749468,Sat Sep 05 2026 03:25:49 GMT+0000 (UTC),0,,,5,91.1,72.6,605.9,20.4,
,,,,,,,SOLO,1788578771976,Sat Sep 05 2026 03:26:11 GMT+0000 (UTC),0,,,5,91.3,7.3,612.4,20.4,
### next string,,,,,,,,,,,,,,,,,,
R McRae,Lockhart 5,AU-500y,2300,1695,-12.8,10.8,,,,,,,,,,,,
,,,,,,,SOLO,1788578551981,Sat Sep 05 2026 03:22:31 GMT+0000 (UTC),0,,sighter,4,264.7,-29.8,594.4,21,
,,,,,,,SOLO,1788578591682,Sat Sep 05 2026 03:23:11 GMT+0000 (UTC),0,,sighter,5,-18.3,73.9,608.1,20.8,
,,,,,,,SOLO,1788578626865,Sat Sep 05 2026 03:23:46 GMT+0000 (UTC),0,,,X,-4.1,18.6,613.5,21,
,,,,,,,SOLO,1788578647982,Sat Sep 05 2026 03:24:07 GMT+0000 (UTC),0,,,6,-17.3,45.7,615.2,21,
,,,,,,,SOLO,1788578669918,Sat Sep 05 2026 03:24:29 GMT+0000 (UTC),0,,,6,32.5,44.8,616,20.8,
,,,,,,,SOLO,1788578698102,Sat Sep 05 2026 03:24:58 GMT+0000 (UTC),0,,,6,23.5,29.5,613.6,21.2,
,,,,,,,SOLO,1788578720358,Sat Sep 05 2026 03:25:20 GMT+0000 (UTC),0,,,X,-3.3,-10.9,616.6,20.9,
,,,,,,,SOLO,1788578745748,Sat Sep 05 2026 03:25:45 GMT+0000 (UTC),0,,,X,-22.2,3.4,615.4,20.9,
,,,,,,,SOLO,1788578764750,Sat Sep 05 2026 03:26:04 GMT+0000 (UTC),0,,,X,13.7,-28,610.4,20.7,
,,,,,,,SOLO,1788578781971,Sat Sep 05 2026 03:26:21 GMT+0000 (UTC),0,,,5,-45.5,-59.1,611.6,20.8,
,,,,,,,SOLO,1788578807477,Sat Sep 05 2026 03:26:47 GMT+0000 (UTC),0,,,X,17.4,-2.1,614.3,20.6,
,,,,,,,SOLO,1788578826226,Sat Sep 05 2026 03:27:06 GMT+0000 (UTC),0,,,X,9.2,-0.5,606.6,20.8,
### next string,,,,,,,,,,,,,,,,,,
McGuigan,Lockhart 3,AU-500y,2300,1695,18.1,4,,,,,,,,,,,,
,,,,,,,SOLO,1788578585543,Sat Sep 05 2026 03:23:05 GMT+0000 (UTC),0,,sighter,3,300.1,-287.7,594.4,18.6,
,,,,,,,SOLO,1788578623705,Sat Sep 05 2026 03:23:43 GMT+0000 (UTC),0,,sighter,3,307.9,135.5,599.3,18.7,
,,,,,,,SOLO,1788578674176,Sat Sep 05 2026 03:24:34 GMT+0000 (UTC),0,,,3,326.2,-153.1,605.2,18.8,
,,,,,,,SOLO,1788578745507,Sat Sep 05 2026 03:25:45 GMT+0000 (UTC),0,,,V,52.1,5,607.9,18.7,
,,,,,,,SOLO,1788578789254,Sat Sep 05 2026 03:26:29 GMT+0000 (UTC),0,,,5,22.3,92,599.2,18.4,
,,,,,,,SOLO,1788578818355,Sat Sep 05 2026 03:26:58 GMT+0000 (UTC),0,,,4,-63.4,204.9,606.1,18.5,
,,,,,,,SOLO,1788578863832,Sat Sep 05 2026 03:27:43 GMT+0000 (UTC),0,,,5,52.1,-112,596.9,18.3,
,,,,,,,SOLO,1788578899048,Sat Sep 05 2026 03:28:19 GMT+0000 (UTC),0,,,5,-31.9,62.2,594.6,18.2,
,,,,,,,SOLO,1788578924107,Sat Sep 05 2026 03:28:44 GMT+0000 (UTC),0,,,5,112.5,41.9,600.2,18.3,
,,,,,,,SOLO,1788578961282,Sat Sep 05 2026 03:29:21 GMT+0000 (UTC),0,,,4,172.5,4.6,601.3,18.2,
,,,,,,,SOLO,1788578986047,Sat Sep 05 2026 03:29:46 GMT+0000 (UTC),0,,,4,203.2,-203.1,604.3,18.3,
,,,,,,,SOLO,1788579017943,Sat Sep 05 2026 03:30:17 GMT+0000 (UTC),0,,,5,103.2,-6.2,601,18.3,
### next string,,,,,,,,,,,,,,,,,,
S hare,Lockhart 2,AU-500y,2300,1695,-0.2,19,,,,,,,,,,,,
,,,,,,,SOLO,1788578895845,Sat Sep 05 2026 03:28:15 GMT+0000 (UTC),0,,,X,-1.4,-33.1,641.7,19.4,
,,,,,,,SOLO,1788578913656,Sat Sep 05 2026 03:28:33 GMT+0000 (UTC),0,,,X,-24.5,-16.2,652.2,20.9,
,,,,,,,SOLO,1788578939987,Sat Sep 05 2026 03:28:59 GMT+0000 (UTC),0,,,X,-20.6,-3.3,648.4,20.6,
,,,,,,,SOLO,1788578958706,Sat Sep 05 2026 03:29:18 GMT+0000 (UTC),0,,,X,23.2,21.8,656.9,23.6,
,,,,,,,SOLO,1788578973638,Sat Sep 05 2026 03:29:33 GMT+0000 (UTC),0,,,X,26.1,25.3,656.4,20.8,
,,,,,,,SOLO,1788578988368,Sat Sep 05 2026 03:29:48 GMT+0000 (UTC),0,,,6,66.5,0.9,665.3,20.1,
,,,,,,,SOLO,1788579004383,Sat Sep 05 2026 03:30:04 GMT+0000 (UTC),0,,,6,33.2,43.9,663.9,20.8,
,,,,,,,SOLO,1788579023557,Sat Sep 05 2026 03:30:23 GMT+0000 (UTC),0,,,X,27,-17.8,653.3,20.6,
,,,,,,,SOLO,1788579037276,Sat Sep 05 2026 03:30:37 GMT+0000 (UTC),0,,,6,48.6,17.8,654.8,20.8,
,,,,,,,SOLO,1788579051370,Sat Sep 05 2026 03:30:51 GMT+0000 (UTC),0,,,X,-18,7.5,658.1,20.9,
### next string,,,,,,,,,,,,,,,,,,
Styles,Lockhart 5,AU-500y,2300,1695,-12.8,10.8,,,,,,,,,,,,
,,,,,,,SOLO,1788578903868,Sat Sep 05 2026 03:28:23 GMT+0000 (UTC),0,,sighter,5,31.2,115.6,590.4,20.6,
,,,,,,,SOLO,1788578920529,Sat Sep 05 2026 03:28:40 GMT+0000 (UTC),0,,sighter,5,102,-41.8,593.5,20.6,
,,,,,,,SOLO,1788578965706,Sat Sep 05 2026 03:29:25 GMT+0000 (UTC),0,,,5,67.3,-40.4,595.7,20.4,
,,,,,,,SOLO,1788578981225,Sat Sep 05 2026 03:29:41 GMT+0000 (UTC),0,,,X,-14.5,19.1,591.6,20.7,
,,,,,,,SOLO,1788578993494,Sat Sep 05 2026 03:29:53 GMT+0000 (UTC),0,,,X,21.4,15.6,593.2,20.9,
,,,,,,,SOLO,1788579004150,Sat Sep 05 2026 03:30:04 GMT+0000 (UTC),0,,,6,-23.5,45,592.8,20.5,
,,,,,,,SOLO,1788579012162,Sat Sep 05 2026 03:30:12 GMT+0000 (UTC),0,,,6,37.1,-45.4,591.1,20.6,
,,,,,,,SOLO,1788579050515,Sat Sep 05 2026 03:30:50 GMT+0000 (UTC),0,,,X,25.7,-5.4,615.5,20.8,
,,,,,,,SOLO,1788579057533,Sat Sep 05 2026 03:30:57 GMT+0000 (UTC),0,,,6,6.5,53.6,605.2,20.9,
,,,,,,,SOLO,1788579075440,Sat Sep 05 2026 03:31:15 GMT+0000 (UTC),0,,,6,22.9,-28.9,591.4,20.6,
,,,,,,,SOLO,1788579088889,Sat Sep 05 2026 03:31:28 GMT+0000 (UTC),0,,,X,11.6,22.7,593,20.6,
,,,,,,,SOLO,1788579100462,Sat Sep 05 2026 03:31:40 GMT+0000 (UTC),0,,,X,15.6,-27.6,589.8,20.6,
### next string,,,,,,,,,,,,,,,,,,
Sam ,Lockhart 4,AU-500y,2300,1695,-12.5,23.8,,,,,,,,,,,,
,,,,,,,SOLO,1788578708051,Sat Sep 05 2026 03:25:08 GMT+0000 (UTC),0,,sighter,4,-227.9,-31.2,598.8,20.6,
,,,,,,,SOLO,1788578801003,Sat Sep 05 2026 03:26:41 GMT+0000 (UTC),0,,,V,-45.8,43,606.6,19.7,
,,,,,,,SOLO,1788578853682,Sat Sep 05 2026 03:27:33 GMT+0000 (UTC),0,,,4,-141.2,6.5,590.2,22.6,
,,,,,,,SOLO,1788578900750,Sat Sep 05 2026 03:28:20 GMT+0000 (UTC),0,,,V,-56.3,22.6,593.8,19.7,
,,,,,,,SOLO,1788578928358,Sat Sep 05 2026 03:28:48 GMT+0000 (UTC),0,,,V,-27.3,-54,593.9,19.7,
,,,,,,,SOLO,1788579045864,Sat Sep 05 2026 03:30:45 GMT+0000 (UTC),0,,,5,67.5,22,600.4,20.4,
,,,,,,,SOLO,1788579068751,Sat Sep 05 2026 03:31:08 GMT+0000 (UTC),0,,,V,37.9,-34.7,592.6,20.4,
,,,,,,,SOLO,1788579124547,Sat Sep 05 2026 03:32:04 GMT+0000 (UTC),0,,,V,27,-5.6,603.9,21.3,
,,,,,,,SOLO,1788579201015,Sat Sep 05 2026 03:33:21 GMT+0000 (UTC),0,,,5,-49.9,-105.6,591.7,21,
,,,,,,,SOLO,1788579246049,Sat Sep 05 2026 03:34:06 GMT+0000 (UTC),0,,,V,-19.3,-65.3,602.3,20.9,
,,,,,,,SOLO,1788579277661,Sat Sep 05 2026 03:34:37 GMT+0000 (UTC),0,,,5,13,-82.4,606.3,20.8,
### next string,,,,,,,,,,,,,,,,,,
May,Lockhart 3,AU-500y,2300,1695,18.1,4,,,,,,,,,,,,
,,,,,,,SOLO,1788579129501,Sat Sep 05 2026 03:32:09 GMT+0000 (UTC),0,,sighter,3,120.3,-372,607.3,18.4,
,,,,,,,SOLO,1788579191661,Sat Sep 05 2026 03:33:11 GMT+0000 (UTC),0,,sighter,4,126.5,-65.2,596.8,18.6,
,,,,,,,SOLO,1788579221381,Sat Sep 05 2026 03:33:41 GMT+0000 (UTC),0,,,4,-136.4,-83.7,601.7,18.6,
,,,,,,,SOLO,1788579246790,Sat Sep 05 2026 03:34:06 GMT+0000 (UTC),0,,,5,95.7,-64.5,609,18.9,
,,,,,,,SOLO,1788579267104,Sat Sep 05 2026 03:34:27 GMT+0000 (UTC),0,,,5,86,-14.8,601.1,19,
,,,,,,,SOLO,1788579285857,Sat Sep 05 2026 03:34:45 GMT+0000 (UTC),0,,,6,-2.7,-50.6,607,19.1,
,,,,,,,SOLO,1788579303081,Sat Sep 05 2026 03:35:03 GMT+0000 (UTC),0,,,X,8.9,-5.3,607.2,19.1,
,,,,,,,SOLO,1788579318079,Sat Sep 05 2026 03:35:18 GMT+0000 (UTC),0,,,X,-11,-18.9,600.9,19.2,
,,,,,,,SOLO,1788579334539,Sat Sep 05 2026 03:35:34 GMT+0000 (UTC),0,,,6,43.1,36.7,601.7,19.1,
,,,,,,,SOLO,1788579348484,Sat Sep 05 2026 03:35:48 GMT+0000 (UTC),0,,,5,34.8,-65.6,603.1,19,
,,,,,,,SOLO,1788579373714,Sat Sep 05 2026 03:36:13 GMT+0000 (UTC),0,,,6,56.1,38.9,605.2,19.1,
,,,,,,,SOLO,1788579388958,Sat Sep 05 2026 03:36:28 GMT+0000 (UTC),0,,,5,74.8,13.2,603.2,19.3,
### next string,,,,,,,,,,,,,,,,,,
D Dupree 500,Lockhart 1,AU-500y,2300,1695,25.6,15.6,,,,,,,,,,,,
,,,,,,,SOLO,1788578920372,Sat Sep 05 2026 03:28:40 GMT+0000 (UTC),0,,sighter,3,32.4,355,585.1,20.3,
,,,,,,,SOLO,1788579022539,Sat Sep 05 2026 03:30:22 GMT+0000 (UTC),0,,sighter,4,158.3,50.5,591.1,20.2,
,,,,,,,SOLO,1788579104508,Sat Sep 05 2026 03:31:44 GMT+0000 (UTC),0,,,5,105,81.7,591.1,20.3,
,,,,,,,SOLO,1788579156288,Sat Sep 05 2026 03:32:36 GMT+0000 (UTC),0,,,4,-119,71.3,589.5,20.4,
,,,,,,,SOLO,1788579246936,Sat Sep 05 2026 03:34:06 GMT+0000 (UTC),0,,,5,-87.7,60.1,599.4,20.7,
,,,,,,,SOLO,1788579342290,Sat Sep 05 2026 03:35:42 GMT+0000 (UTC),0,,,5,-24.6,-93.4,587.2,20.8,
,,,,,,,SOLO,1788579378772,Sat Sep 05 2026 03:36:18 GMT+0000 (UTC),0,,,6,-43.1,20.6,588.2,20.9,
,,,,,,,SOLO,1788579409017,Sat Sep 05 2026 03:36:49 GMT+0000 (UTC),0,,,5,-69.7,-65.7,585.6,21,
,,,,,,,SOLO,1788579459932,Sat Sep 05 2026 03:37:39 GMT+0000 (UTC),0,,,5,-75.5,-11.7,589,21.1,
,,,,,,,SOLO,1788579481061,Sat Sep 05 2026 03:38:01 GMT+0000 (UTC),0,,,6,41.8,-19.8,588.8,20.9,
,,,,,,,SOLO,1788579535987,Sat Sep 05 2026 03:38:55 GMT+0000 (UTC),0,,,5,94.2,9.6,587.4,21.6,
,,,,,,,SOLO,1788579562844,Sat Sep 05 2026 03:39:22 GMT+0000 (UTC),0,,,5,71.8,-14.8,598.1,20.9,
### next string,,,,,,,,,,,,,,,,,,
Ballantyne 25,Lockhart 4,AU-500y,2300,1695,-12.5,23.8,,,,,,,,,,,,
,,,,,,,SOLO,1788579357792,Sat Sep 05 2026 03:35:57 GMT+0000 (UTC),0,,sighter,4,172.8,-167,582.8,20.9,
,,,,,,,SOLO,1788579386238,Sat Sep 05 2026 03:36:26 GMT+0000 (UTC),0,,,V,62.7,-15.7,591.6,23.3,
,,,,,,,SOLO,1788579417281,Sat Sep 05 2026 03:36:57 GMT+0000 (UTC),0,,,4,-157.9,-57,581.2,21.3,
,,,,,,,SOLO,1788579443922,Sat Sep 05 2026 03:37:23 GMT+0000 (UTC),0,,,5,113.3,-35.5,587,21.2,
,,,,,,,SOLO,1788579470586,Sat Sep 05 2026 03:37:50 GMT+0000 (UTC),0,,,5,-12,-124.5,592.8,21.1,
,,,,,,,SOLO,1788579497701,Sat Sep 05 2026 03:38:17 GMT+0000 (UTC),0,,,4,156.3,-178,582.4,21.1,
,,,,,,,SOLO,1788579534878,Sat Sep 05 2026 03:38:54 GMT+0000 (UTC),0,,,4,180.7,-81.4,585.4,21.1,
,,,,,,,SOLO,1788579562400,Sat Sep 05 2026 03:39:22 GMT+0000 (UTC),0,,,5,-25.4,-127.8,581.9,21,
,,,,,,,SOLO,1788579587368,Sat Sep 05 2026 03:39:47 GMT+0000 (UTC),0,,,4,197.8,1.8,584.1,21,
,,,,,,,SOLO,1788579611133,Sat Sep 05 2026 03:40:11 GMT+0000 (UTC),0,,,5,-24.7,78.4,577.6,20.9,
,,,,,,,SOLO,1788579637432,Sat Sep 05 2026 03:40:37 GMT+0000 (UTC),0,,,5,-101.5,24.7,572.5,20.7,
### next string,,,,,,,,,,,,,,,,,,
Rolland’s,Lockhart 5,AU-500y,2300,1695,-12.8,10.8,,,,,,,,,,,,
,,,,,,,SOLO,1788579346410,Sat Sep 05 2026 03:35:46 GMT+0000 (UTC),0,,,X,-6.1,20,592.1,21.3,
,,,,,,,SOLO,1788579371803,Sat Sep 05 2026 03:36:11 GMT+0000 (UTC),0,,,6,65.2,20.6,595.4,22.3,
,,,,,,,SOLO,1788579400036,Sat Sep 05 2026 03:36:40 GMT+0000 (UTC),0,,,X,-6.5,-4.7,598.1,21.6,
,,,,,,,SOLO,1788579429906,Sat Sep 05 2026 03:37:09 GMT+0000 (UTC),0,,,6,9.4,-41,592.8,21.6,
,,,,,,,SOLO,1788579459382,Sat Sep 05 2026 03:37:39 GMT+0000 (UTC),0,,,6,-20.6,-35.6,591.9,21.5,
,,,,,,,SOLO,1788579498654,Sat Sep 05 2026 03:38:18 GMT+0000 (UTC),0,,,6,43,2.3,603.2,21.6,
,,,,,,,SOLO,1788579524395,Sat Sep 05 2026 03:38:44 GMT+0000 (UTC),0,,,6,13.9,49.1,595.2,21.4,
,,,,,,,SOLO,1788579561925,Sat Sep 05 2026 03:39:21 GMT+0000 (UTC),0,,,6,56.1,-3.8,596.5,21.3,
,,,,,,,SOLO,1788579587557,Sat Sep 05 2026 03:39:47 GMT+0000 (UTC),0,,,5,106.8,-8.9,593.9,20.1,
,,,,,,,SOLO,1788579612472,Sat Sep 05 2026 03:40:12 GMT+0000 (UTC),0,,,6,24.6,31.8,590,22.5,
### next string,,,,,,,,,,,,,,,,,,
S Williams,Lockhart 2,AU-500y,2300,1695,-0.2,19,,,,,,,,,,,,
,,,,,,,SOLO,1788579291248,Sat Sep 05 2026 03:34:51 GMT+0000 (UTC),0,,sighter,4,-135.4,8.8,607.6,21.4,
,,,,,,,SOLO,1788579387709,Sat Sep 05 2026 03:36:27 GMT+0000 (UTC),0,,sighter,4,166.5,96.8,598.4,21.5,
,,,,,,,SOLO,1788579427393,Sat Sep 05 2026 03:37:07 GMT+0000 (UTC),0,,,V,27.8,-0.9,595.7,21.4,
,,,,,,,SOLO,1788579463942,Sat Sep 05 2026 03:37:43 GMT+0000 (UTC),0,,,5,74.3,52.5,606.3,21.1,
,,,,,,,SOLO,1788579501868,Sat Sep 05 2026 03:38:21 GMT+0000 (UTC),0,,,V,-45.1,-17.7,598.3,20.4,
,,,,,,,SOLO,1788579573433,Sat Sep 05 2026 03:39:33 GMT+0000 (UTC),0,,,4,-26.8,141.5,605.9,21.4,
,,,,,,,SOLO,1788579605515,Sat Sep 05 2026 03:40:05 GMT+0000 (UTC),0,,,5,-21.9,81.7,600.4,21.4,
,,,,,,,SOLO,1788579643616,Sat Sep 05 2026 03:40:43 GMT+0000 (UTC),0,,,4,-130.9,74.9,597.7,21.5,
,,,,,,,SOLO,1788579687397,Sat Sep 05 2026 03:41:27 GMT+0000 (UTC),0,,,4,157.1,-2.1,601.7,22.9,
,,,,,,,SOLO,1788579721129,Sat Sep 05 2026 03:42:01 GMT+0000 (UTC),0,,,V,-16.6,12,597.1,21.6,
,,,,,,,SOLO,1788579751429,Sat Sep 05 2026 03:42:31 GMT+0000 (UTC),0,,,V,-30,-25.5,597.6,20.9,
,,,,,,,SOLO,1788579785112,Sat Sep 05 2026 03:43:05 GMT+0000 (UTC),0,,,V,-17.7,10.4,601.6,21.6,
### next string,,,,,,,,,,,,,,,,,,
George,Lockhart 3,AU-500y,2300,1695,18.1,4,,,,,,,,,,,,
,,,,,,,SOLO,1788579528250,Sat Sep 05 2026 03:38:48 GMT+0000 (UTC),0,,,X,-3.2,21.6,611.2,19.1,
,,,,,,,SOLO,1788579555812,Sat Sep 05 2026 03:39:15 GMT+0000 (UTC),0,,,X,14.3,24.1,611.9,19.3,
,,,,,,,SOLO,1788579640493,Sat Sep 05 2026 03:40:40 GMT+0000 (UTC),0,,,5,73.4,30,618,19.3,
,,,,,,,SOLO,1788579700053,Sat Sep 05 2026 03:41:40 GMT+0000 (UTC),0,,,X,5.8,11,613.1,19.6,
,,,,,,,SOLO,1788579721893,Sat Sep 05 2026 03:42:01 GMT+0000 (UTC),0,,,6,35.5,-34,630.2,19.4,
,,,,,,,SOLO,1788579749778,Sat Sep 05 2026 03:42:29 GMT+0000 (UTC),0,,,6,33.1,-19.6,611.8,19.4,
,,,,,,,SOLO,1788579772749,Sat Sep 05 2026 03:42:52 GMT+0000 (UTC),0,,,X,-5.7,1.2,612.4,19.3,
,,,,,,,SOLO,1788579807018,Sat Sep 05 2026 03:43:27 GMT+0000 (UTC),0,,,X,21.9,1.5,615.7,19.4,
,,,,,,,SOLO,1788579834254,Sat Sep 05 2026 03:43:54 GMT+0000 (UTC),0,,,X,14.6,5.8,617.1,19.2,
,,,,,,,SOLO,1788579851598,Sat Sep 05 2026 03:44:11 GMT+0000 (UTC),0,,,6,-45.6,-28.9,616.1,19.3,
,,,,,,,SOLO,1788579881705,Sat Sep 05 2026 03:44:41 GMT+0000 (UTC),0,,,X,0.1,18.7,614.6,19.1,
,,,,,,,SOLO,1788579902823,Sat Sep 05 2026 03:45:02 GMT+0000 (UTC),0,,,X,-19,-23.4,614.8,19.1,
,,,,,,,SOLO,1788579929457,Sat Sep 05 2026 03:45:29 GMT+0000 (UTC),0,,,X,-13.7,-6.4,611.8,19.1,
,,,,,,,SOLO,1788579945701,Sat Sep 05 2026 03:45:45 GMT+0000 (UTC),0,,,6,-40.3,11,608.1,19.1,
,,,,,,,SOLO,1788579970034,Sat Sep 05 2026 03:46:10 GMT+0000 (UTC),0,,,6,-37.9,-14.1,611.9,18.9,
### next string,,,,,,,,,,,,,,,,,,
Chris Cowell,Lockhart 1,AU-500y,2300,1695,25.6,15.6,,,,,,,,,,,,
,,,,,,,SOLO,1788579710751,Sat Sep 05 2026 03:41:50 GMT+0000 (UTC),0,,sighter,5,70.4,27,617.8,21.1,
,,,,,,,SOLO,1788579746196,Sat Sep 05 2026 03:42:26 GMT+0000 (UTC),0,,sighter,5,74.1,20.1,616.1,21.1,
,,,,,,,SOLO,1788579771151,Sat Sep 05 2026 03:42:51 GMT+0000 (UTC),0,,,X,-11.7,11.3,611.6,21,
,,,,,,,SOLO,1788579788978,Sat Sep 05 2026 03:43:08 GMT+0000 (UTC),0,,,5,87.9,-4.3,614,21.1,
,,,,,,,SOLO,1788579810318,Sat Sep 05 2026 03:43:30 GMT+0000 (UTC),0,,,X,-20.2,19.8,620.1,21,
,,,,,,,SOLO,1788579836169,Sat Sep 05 2026 03:43:56 GMT+0000 (UTC),0,,,6,9.5,35.4,613.9,20.9,
,,,,,,,SOLO,1788579857256,Sat Sep 05 2026 03:44:17 GMT+0000 (UTC),0,,,X,2.1,4.9,616.5,21.1,
,,,,,,,SOLO,1788579876578,Sat Sep 05 2026 03:44:36 GMT+0000 (UTC),0,,,X,13.8,-2.2,613.9,20.8,
,,,,,,,SOLO,1788579895888,Sat Sep 05 2026 03:44:55 GMT+0000 (UTC),0,,,5,-98.8,14.1,619.4,20.9,
,,,,,,,SOLO,1788579926094,Sat Sep 05 2026 03:45:26 GMT+0000 (UTC),0,,,6,-54.4,-4.6,615.5,20.8,
,,,,,,,SOLO,1788579951609,Sat Sep 05 2026 03:45:51 GMT+0000 (UTC),0,,,6,39.3,8.6,622.6,21.7,
,,,,,,,SOLO,1788579973105,Sat Sep 05 2026 03:46:13 GMT+0000 (UTC),0,,,6,-33.4,34.6,615,20.8,
,,,,,,,SOLO,1788580000781,Sat Sep 05 2026 03:46:40 GMT+0000 (UTC),0,,,6,-25.4,-33.3,620.5,20.9,
,,,,,,,SOLO,1788580033091,Sat Sep 05 2026 03:47:13 GMT+0000 (UTC),0,,,X,26.1,-3.7,617.1,20.9,
,,,,,,,SOLO,1788580065923,Sat Sep 05 2026 03:47:45 GMT+0000 (UTC),0,,,4,144.1,45.9,622.4,20.9,
,,,,,,,SOLO,1788580097097,Sat Sep 05 2026 03:48:17 GMT+0000 (UTC),0,,,X,12.9,11.7,615.3,20.8,
,,,,,,,SOLO,1788580120940,Sat Sep 05 2026 03:48:40 GMT+0000 (UTC),0,,,6,28.8,-24.3,609.7,20.9,
### next string,,,,,,,,,,,,,,,,,,
Warri,Lockhart 5,AU-500y,2300,1695,-12.8,10.8,,,,,,,,,,,,
,,,,,,,SOLO,1788579913594,Sat Sep 05 2026 03:45:13 GMT+0000 (UTC),0,,,6,-36.7,21.4,633.9,21.3,
,,,,,,,SOLO,1788579998010,Sat Sep 05 2026 03:46:38 GMT+0000 (UTC),0,,,6,-54.9,18.7,632,21.4,
,,,,,,,SOLO,1788580022145,Sat Sep 05 2026 03:47:02 GMT+0000 (UTC),0,,,6,47,11.5,632.2,21.3,
,,,,,,,SOLO,1788580044762,Sat Sep 05 2026 03:47:24 GMT+0000 (UTC),0,,,5,87.5,33.9,647.8,22.1,
,,,,,,,SOLO,1788580075392,Sat Sep 05 2026 03:47:55 GMT+0000 (UTC),0,,,5,47.9,55.3,636.2,21.1,
,,,,,,,SOLO,1788580097982,Sat Sep 05 2026 03:48:17 GMT+0000 (UTC),0,,,6,39,-14,630.5,21.3,
,,,,,,,SOLO,1788580113643,Sat Sep 05 2026 03:48:33 GMT+0000 (UTC),0,,,6,45.1,-14.1,645.7,21.4,
,,,,,,,SOLO,1788580131886,Sat Sep 05 2026 03:48:51 GMT+0000 (UTC),0,,,6,52.2,-16.9,654.8,21.5,
,,,,,,,SOLO,1788580148157,Sat Sep 05 2026 03:49:08 GMT+0000 (UTC),0,,,5,-62,-50.8,635,21.3,
,,,,,,,SOLO,1788580340629,Sat Sep 05 2026 03:52:20 GMT+0000 (UTC),0,,,5,107.7,-13.1,643.3,24.6,
,,,,,,,SOLO,1788580360932,Sat Sep 05 2026 03:52:40 GMT+0000 (UTC),0,,,5,-86.3,-34.4,633.5,21.8,
,,,,,,,SOLO,1788580379970,Sat Sep 05 2026 03:52:59 GMT+0000 (UTC),0,,,6,56.6,-9.5,652.6,21.8,
,,,,,,,SOLO,1788580447320,Sat Sep 05 2026 03:54:07 GMT+0000 (UTC),0,,,X,3.7,16.5,662.6,21.9,
,,,,,,,SOLO,1788580458836,Sat Sep 05 2026 03:54:18 GMT+0000 (UTC),0,,,X,11.1,10.6,649.4,22,
,,,,,,,SOLO,1788580468542,Sat Sep 05 2026 03:54:28 GMT+0000 (UTC),0,,,X,-10.4,12.7,640.6,22.1,
### next string,,,,,,,,,,,,,,,,,,
Niederegger,Lockhart 3,AU-500y,2300,1695,18.1,4,,,,,,,,,,,,
,,,,,,,SOLO,1788580060502,Sat Sep 05 2026 03:47:40 GMT+0000 (UTC),0,,,5,18.2,-101.3,574.5,19.2,
,,,,,,,SOLO,1788580081577,Sat Sep 05 2026 03:48:01 GMT+0000 (UTC),0,,,5,45.4,-66.3,569.6,18.9,
,,,,,,,SOLO,1788580099553,Sat Sep 05 2026 03:48:19 GMT+0000 (UTC),0,,,V,56.8,-25.1,571.9,19,
,,,,,,,SOLO,1788580119121,Sat Sep 05 2026 03:48:39 GMT+0000 (UTC),0,,,5,90.1,18.9,577.6,19.1,
,,,,,,,SOLO,1788580156174,Sat Sep 05 2026 03:49:16 GMT+0000 (UTC),0,,,V,-21.2,-30.5,562.6,19.1,
,,,,,,,SOLO,1788580260597,Sat Sep 05 2026 03:51:00 GMT+0000 (UTC),0,,,V,-29.2,6.5,576.4,19.4,
,,,,,,,SOLO,1788580277619,Sat Sep 05 2026 03:51:17 GMT+0000 (UTC),0,,,V,-27.4,4.8,576.5,19.6,
,,,,,,,SOLO,1788580293129,Sat Sep 05 2026 03:51:33 GMT+0000 (UTC),0,,,V,33.8,-6.3,570.8,19.5,
,,,,,,,SOLO,1788580319889,Sat Sep 05 2026 03:51:59 GMT+0000 (UTC),0,,,5,46.8,63.1,571.6,19.6,
,,,,,,,SOLO,1788580396149,Sat Sep 05 2026 03:53:16 GMT+0000 (UTC),0,,,V,-42.3,40.9,571.7,19.8,
,,,,,,,SOLO,1788580411544,Sat Sep 05 2026 03:53:31 GMT+0000 (UTC),0,,,V,18.3,6.5,571.9,19.8,
,,,,,,,SOLO,1788580425526,Sat Sep 05 2026 03:53:45 GMT+0000 (UTC),0,,,V,-38.5,-1.6,569.1,19.9,
,,,,,,,SOLO,1788580437179,Sat Sep 05 2026 03:53:57 GMT+0000 (UTC),0,,,5,-50.5,-91.6,570,19.9,
,,,,,,,SOLO,1788580455407,Sat Sep 05 2026 03:54:15 GMT+0000 (UTC),0,,,V,12.7,10.3,573.5,19.9,
,,,,,,,SOLO,1788580483545,Sat Sep 05 2026 03:54:43 GMT+0000 (UTC),0,,,V,-56.2,29.2,571.6,20,
### next string,,,,,,,,,,,,,,,,,,
M Shepard s1 500,Lockhart 4,AU-500y,2300,1695,-12.5,23.8,,,,,,,,,,,,
,,,,,,,SOLO,1788579837812,Sat Sep 05 2026 03:43:57 GMT+0000 (UTC),0,,sighter,4,-121.8,158.3,591.8,21.1,
,,,,,,,SOLO,1788579899137,Sat Sep 05 2026 03:44:59 GMT+0000 (UTC),0,,,5,26.8,129.2,609.8,21.1,
,,,,,,,SOLO,1788579994153,Sat Sep 05 2026 03:46:34 GMT+0000 (UTC),0,,,5,-49,108.6,611.9,21,
,,,,,,,SOLO,1788580079684,Sat Sep 05 2026 03:47:59 GMT+0000 (UTC),0,,,V,-15.6,-18.1,605,20.9,
,,,,,,,SOLO,1788580122035,Sat Sep 05 2026 03:48:42 GMT+0000 (UTC),0,,,4,151.6,22.2,616.8,21,
,,,,,,,SOLO,1788580243114,Sat Sep 05 2026 03:50:43 GMT+0000 (UTC),0,,,V,45.5,-36.1,614.8,23.3,
,,,,,,,SOLO,1788580337604,Sat Sep 05 2026 03:52:17 GMT+0000 (UTC),0,,,V,56,8.4,614.3,21.4,
,,,,,,,SOLO,1788580365395,Sat Sep 05 2026 03:52:45 GMT+0000 (UTC),0,,,V,14,17,618.7,21.3,
,,,,,,,SOLO,1788580443131,Sat Sep 05 2026 03:54:03 GMT+0000 (UTC),0,,,V,-8,-36.7,624.5,21.6,
,,,,,,,SOLO,1788580486405,Sat Sep 05 2026 03:54:46 GMT+0000 (UTC),0,,,V,11.1,-29.7,612.9,21.7,
,,,,,,,SOLO,1788580529118,Sat Sep 05 2026 03:55:29 GMT+0000 (UTC),0,,,V,-39.8,55.1,616.5,21.1,
### next string,,,,,,,,,,,,,,,,,,
Tony Tugwell,Lockhart 1,AU-500y,2300,1695,25.6,15.6,,,,,,,,,,,,
,,,,,,,SOLO,1788580330780,Sat Sep 05 2026 03:52:10 GMT+0000 (UTC),0,,sighter,4,242.1,28.7,622.9,21.1,
,,,,,,,SOLO,1788580368453,Sat Sep 05 2026 03:52:48 GMT+0000 (UTC),0,,,6,3.6,40.8,627,21.2,
,,,,,,,SOLO,1788580413350,Sat Sep 05 2026 03:53:33 GMT+0000 (UTC),0,,,5,-59.1,36.4,611.5,21.4,
,,,,,,,SOLO,1788580441618,Sat Sep 05 2026 03:54:01 GMT+0000 (UTC),0,,,6,-49.5,-2.2,629.5,21.4,
,,,,,,,SOLO,1788580486024,Sat Sep 05 2026 03:54:46 GMT+0000 (UTC),0,,,6,39.1,-31.1,623.5,21.4,
,,,,,,,SOLO,1788580524741,Sat Sep 05 2026 03:55:24 GMT+0000 (UTC),0,,,6,62.9,-23.2,622.6,21.7,
,,,,,,,SOLO,1788580553159,Sat Sep 05 2026 03:55:53 GMT+0000 (UTC),0,,,5,72.3,-58,634.8,21.4,
,,,,,,,SOLO,1788580595189,Sat Sep 05 2026 03:56:35 GMT+0000 (UTC),0,,,X,-20.5,-13.1,630.8,21.7,
,,,,,,,SOLO,1788580622628,Sat Sep 05 2026 03:57:02 GMT+0000 (UTC),0,,,6,58.4,-9.4,618.5,21.7,
,,,,,,,SOLO,1788580659671,Sat Sep 05 2026 03:57:39 GMT+0000 (UTC),0,,,X,17.3,25.4,625.4,21.6,
,,,,,,,SOLO,1788580678885,Sat Sep 05 2026 03:57:58 GMT+0000 (UTC),0,,,6,-20.9,-41.6,623.4,22.1,
,,,,,,,SOLO,1788580700194,Sat Sep 05 2026 03:58:20 GMT+0000 (UTC),0,,,6,34.7,-22.6,625.4,23.2,
,,,,,,,SOLO,1788580718319,Sat Sep 05 2026 03:58:38 GMT+0000 (UTC),0,,,4,145.8,-16,622,21.5,
,,,,,,,SOLO,1788580753281,Sat Sep 05 2026 03:59:13 GMT+0000 (UTC),0,,,X,28.1,7.6,616.5,22.4,
,,,,,,,SOLO,1788580775906,Sat Sep 05 2026 03:59:35 GMT+0000 (UTC),0,,,5,39.2,-77.7,617.7,21.2,
,,,,,,,SOLO,1788580795600,Sat Sep 05 2026 03:59:55 GMT+0000 (UTC),0,,,6,48.3,27.3,622.4,21.2,
### next string,,,,,,,,,,,,,,,,,,
Crowe,Lockhart 5,AU-500y,2300,1695,-12.8,10.8,,,,,,,,,,,,
,,,,,,,SOLO,1788580591914,Sat Sep 05 2026 03:56:31 GMT+0000 (UTC),0,,,6,13.6,34,635.8,22.2,
,,,,,,,SOLO,1788580608450,Sat Sep 05 2026 03:56:48 GMT+0000 (UTC),0,,,6,42.5,35,635.3,22.2,
,,,,,,,SOLO,1788580644185,Sat Sep 05 2026 03:57:24 GMT+0000 (UTC),0,,,6,47.5,-4.9,642.2,23,
,,,,,,,SOLO,1788580663273,Sat Sep 05 2026 03:57:43 GMT+0000 (UTC),0,,,X,16.5,27.6,633.9,22.2,
,,,,,,,SOLO,1788580687428,Sat Sep 05 2026 03:58:07 GMT+0000 (UTC),0,,,6,9.8,-46.4,614,22.1,
,,,,,,,SOLO,1788580701091,Sat Sep 05 2026 03:58:21 GMT+0000 (UTC),0,,,5,59.1,-38,627.9,22,
,,,,,,,SOLO,1788580726886,Sat Sep 05 2026 03:58:46 GMT+0000 (UTC),0,,,6,62.2,-9.4,630,20.3,
,,,,,,,SOLO,1788580744163,Sat Sep 05 2026 03:59:04 GMT+0000 (UTC),0,,,6,-41.8,-15.8,624.4,21.8,
,,,,,,,SOLO,1788580762016,Sat Sep 05 2026 03:59:22 GMT+0000 (UTC),0,,,6,-56,-31.6,609.4,21.6,
,,,,,,,SOLO,1788580792190,Sat Sep 05 2026 03:59:52 GMT+0000 (UTC),0,,,X,-3.2,-15.4,621.1,22.1,
,,,,,,,SOLO,1788580809314,Sat Sep 05 2026 04:00:09 GMT+0000 (UTC),0,,,5,-5.3,-89.9,619.1,22.1,
,,,,,,,SOLO,1788580839369,Sat Sep 05 2026 04:00:39 GMT+0000 (UTC),0,,,5,-21,-73.4,612.8,21.8,
,,,,,,,SOLO,1788580862311,Sat Sep 05 2026 04:01:02 GMT+0000 (UTC),0,,,6,26.6,-62.9,607.1,21.9,
,,,,,,,SOLO,1788580887978,Sat Sep 05 2026 04:01:27 GMT+0000 (UTC),0,,,6,-32.7,-30.3,605.9,21.8,
,,,,,,,SOLO,1788580914540,Sat Sep 05 2026 04:01:54 GMT+0000 (UTC),0,,,X,20.1,-12.8,618.9,22.1,
### next string,,,,,,,,,,,,,,,,,,
Mark Anstee ,Lockhart 3,AU-500y,2300,1695,18.1,4,,,,,,,,,,,,
,,,,,,,SOLO,1788580640969,Sat Sep 05 2026 03:57:20 GMT+0000 (UTC),0,,sighter,V,24.8,0.5,604.5,20,
,,,,,,,SOLO,1788580669795,Sat Sep 05 2026 03:57:49 GMT+0000 (UTC),0,,sighter,4,161.5,31.4,619.4,20.1,
,,,,,,,SOLO,1788580696166,Sat Sep 05 2026 03:58:16 GMT+0000 (UTC),0,,,V,57.7,30.7,607.8,20,
,,,,,,,SOLO,1788580715742,Sat Sep 05 2026 03:58:35 GMT+0000 (UTC),0,,,5,105.6,3,607,19.9,
,,,,,,,SOLO,1788580760339,Sat Sep 05 2026 03:59:20 GMT+0000 (UTC),0,,,V,-51.3,15.9,604.6,19.5,
,,,,,,,SOLO,1788580777971,Sat Sep 05 2026 03:59:37 GMT+0000 (UTC),0,,,V,-53.9,10.7,604.5,19.6,
,,,,,,,SOLO,1788580793448,Sat Sep 05 2026 03:59:53 GMT+0000 (UTC),0,,,V,27.7,2.3,605.2,19.6,
,,,,,,,SOLO,1788580803451,Sat Sep 05 2026 04:00:03 GMT+0000 (UTC),0,,,V,23.3,38,618.2,19.9,
,,,,,,,SOLO,1788580822003,Sat Sep 05 2026 04:00:22 GMT+0000 (UTC),0,,,V,7,3.8,607.2,19.9,
,,,,,,,SOLO,1788580837860,Sat Sep 05 2026 04:00:37 GMT+0000 (UTC),0,,,V,43.3,-8.4,606.9,19.6,
,,,,,,,SOLO,1788580857617,Sat Sep 05 2026 04:00:57 GMT+0000 (UTC),0,,,V,51.1,-29.9,610,19.8,
,,,,,,,SOLO,1788580875880,Sat Sep 05 2026 04:01:15 GMT+0000 (UTC),0,,,V,11.7,13.7,615.5,19.8,
,,,,,,,SOLO,1788580894426,Sat Sep 05 2026 04:01:34 GMT+0000 (UTC),0,,,V,22.4,23.2,611.9,19.6,
,,,,,,,SOLO,1788580910205,Sat Sep 05 2026 04:01:50 GMT+0000 (UTC),0,,,V,32.2,-2.9,613.6,19.8,
,,,,,,,SOLO,1788580930412,Sat Sep 05 2026 04:02:10 GMT+0000 (UTC),0,,,V,-6.6,5,603.2,19.8,
,,,,,,,SOLO,1788580940510,Sat Sep 05 2026 04:02:20 GMT+0000 (UTC),0,,,V,-31.3,10.7,608.6,19.6,
,,,,,,,SOLO,1788580951612,Sat Sep 05 2026 04:02:31 GMT+0000 (UTC),0,,,V,-2.7,-26.1,607.4,19.9,
### next string,,,,,,,,,,,,,,,,,,
D Daniel,Lockhart 2,AU-500y,2300,1695,-0.2,19,,,,,,,,,,,,
,,,,,,,SOLO,1788580057041,Sat Sep 05 2026 03:47:37 GMT+0000 (UTC),0,,,V,-7.7,-21.4,604.9,21.5,
,,,,,,,SOLO,1788580091496,Sat Sep 05 2026 03:48:11 GMT+0000 (UTC),0,,,5,107.1,-39,602.8,21,
,,,,,,,SOLO,1788580376200,Sat Sep 05 2026 03:52:56 GMT+0000 (UTC),0,,,V,17.8,-41.5,605.9,21.8,
,,,,,,,SOLO,1788580471596,Sat Sep 05 2026 03:54:31 GMT+0000 (UTC),0,,,V,4.1,-38.5,605.6,21,
,,,,,,,SOLO,1788580523141,Sat Sep 05 2026 03:55:23 GMT+0000 (UTC),0,,,5,87.7,-27.1,610.4,22.1,
,,,,,,,SOLO,1788580596591,Sat Sep 05 2026 03:56:36 GMT+0000 (UTC),0,,,4,153.7,-95.4,608.9,22.3,
,,,,,,,SOLO,1788580664139,Sat Sep 05 2026 03:57:44 GMT+0000 (UTC),0,,,4,177.9,-46.5,601.2,22.3,
,,,,,,,SOLO,1788580690032,Sat Sep 05 2026 03:58:10 GMT+0000 (UTC),0,,,5,-104,-3,599.2,22.1,
,,,,,,,SOLO,1788580720666,Sat Sep 05 2026 03:58:40 GMT+0000 (UTC),0,,,4,203.1,-78.7,614,22.3,
,,,,,,,SOLO,1788580769069,Sat Sep 05 2026 03:59:29 GMT+0000 (UTC),0,,,5,-25.8,69.3,606.1,21.8,
,,,,,,,SOLO,1788580818475,Sat Sep 05 2026 04:00:18 GMT+0000 (UTC),0,,,V,2.5,-23.2,608.7,22,
,,,,,,,SOLO,1788580844837,Sat Sep 05 2026 04:00:44 GMT+0000 (UTC),0,,,5,-86.6,27.5,605.5,21.9,
,,,,,,,SOLO,1788580892018,Sat Sep 05 2026 04:01:32 GMT+0000 (UTC),0,,,5,68.4,-23.2,603.3,21.2,
,,,,,,,SOLO,1788580921450,Sat Sep 05 2026 04:02:01 GMT+0000 (UTC),0,,,5,-57.1,-43.6,607.7,22.1,
,,,,,,,SOLO,1788580951124,Sat Sep 05 2026 04:02:31 GMT+0000 (UTC),0,,,V,-29.3,31.8,611.3,22,
### next string,,,,,,,,,,,,,,,,,,
Phipps zs2 500,Lockhart 4,AU-500y,2300,1695,-12.5,23.8,,,,,,,,,,,,
,,,,,,,SOLO,1788580703838,Sat Sep 05 2026 03:58:23 GMT+0000 (UTC),0,,sighter,5,82.6,-23.6,600.3,21.7,
,,,,,,,SOLO,1788580730345,Sat Sep 05 2026 03:58:50 GMT+0000 (UTC),0,,,6,58,-4.5,600.7,21.6,
,,,,,,,SOLO,1788580750143,Sat Sep 05 2026 03:59:10 GMT+0000 (UTC),0,,,6,-32.9,-34,600.9,22.3,
,,,,,,,SOLO,1788580789468,Sat Sep 05 2026 03:59:49 GMT+0000 (UTC),0,,,6,-35.5,36.8,594.7,21.5,
,,,,,,,SOLO,1788580888236,Sat Sep 05 2026 04:01:28 GMT+0000 (UTC),0,,,5,-15.2,-71.3,597.2,21.4,
,,,,,,,SOLO,1788580923629,Sat Sep 05 2026 04:02:03 GMT+0000 (UTC),0,,,5,39.9,83.2,598.6,21.6,
,,,,,,,SOLO,1788580954080,Sat Sep 05 2026 04:02:34 GMT+0000 (UTC),0,,,6,35.4,18.7,603.1,21.5,
,,,,,,,SOLO,1788581001918,Sat Sep 05 2026 04:03:21 GMT+0000 (UTC),0,,,6,-4.8,37.8,594.5,21.5,
,,,,,,,SOLO,1788581013924,Sat Sep 05 2026 04:03:33 GMT+0000 (UTC),0,,,X,-10.2,-22.4,597.6,21.5,
,,,,,,,SOLO,1788581025090,Sat Sep 05 2026 04:03:45 GMT+0000 (UTC),0,,,X,1.6,-22.5,595.7,21.4,
,,,,,,,SOLO,1788581043267,Sat Sep 05 2026 04:04:03 GMT+0000 (UTC),0,,,6,53.6,-32,596.8,21.5,
,,,,,,,SOLO,1788581073777,Sat Sep 05 2026 04:04:33 GMT+0000 (UTC),0,,,6,36.3,-3.4,593.9,21.5,
,,,,,,,SOLO,1788581088710,Sat Sep 05 2026 04:04:48 GMT+0000 (UTC),0,,,X,20.6,12.8,602.3,20.8,
,,,,,,,SOLO,1788581101981,Sat Sep 05 2026 04:05:01 GMT+0000 (UTC),0,,,5,68.6,-46.1,600.3,21.5,
,,,,,,,SOLO,1788581140687,Sat Sep 05 2026 04:05:40 GMT+0000 (UTC),0,,,6,-47.2,-43.6,599.7,21.4,
,,,,,,,SOLO,1788581158585,Sat Sep 05 2026 04:05:58 GMT+0000 (UTC),0,,,6,60.5,-13.6,601.5,21.6,
### next string,,,,,,,,,,,,,,,,,,
Stres,Lockhart 2,AU-500y,2300,1695,-0.2,19,,,,,,,,,,,,
,,,,,,,SOLO,1788581070281,Sat Sep 05 2026 04:04:30 GMT+0000 (UTC),0,,,V,26,-15.1,602.8,21.7,
,,,,,,,SOLO,1788581087584,Sat Sep 05 2026 04:04:47 GMT+0000 (UTC),0,,,V,17.8,-22.6,600.3,21.7,
,,,,,,,SOLO,1788581104565,Sat Sep 05 2026 04:05:04 GMT+0000 (UTC),0,,,V,39.9,12.4,598.2,21.9,
,,,,,,,SOLO,1788581124170,Sat Sep 05 2026 04:05:24 GMT+0000 (UTC),0,,,V,-2.2,-51.1,601.5,21.9,
,,,,,,,SOLO,1788581139774,Sat Sep 05 2026 04:05:39 GMT+0000 (UTC),0,,,5,86.6,-11.8,596.5,23.3,
,,,,,,,SOLO,1788581158693,Sat Sep 05 2026 04:05:58 GMT+0000 (UTC),0,,,5,62.7,-38.5,602.4,21.8,
,,,,,,,SOLO,1788581170963,Sat Sep 05 2026 04:06:10 GMT+0000 (UTC),0,,,V,46.9,-41,596.2,22,
,,,,,,,SOLO,1788581184166,Sat Sep 05 2026 04:06:24 GMT+0000 (UTC),0,,,5,110.3,-41.6,601.4,23.6,
,,,,,,,SOLO,1788581198564,Sat Sep 05 2026 04:06:38 GMT+0000 (UTC),0,,,5,90,6.3,605.1,21.7,
,,,,,,,SOLO,1788581212760,Sat Sep 05 2026 04:06:52 GMT+0000 (UTC),0,,,5,113.3,-60.7,601.1,21.9,
,,,,,,,SOLO,1788581228982,Sat Sep 05 2026 04:07:08 GMT+0000 (UTC),0,,,5,109,-19.5,598.6,22.1,
,,,,,,,SOLO,1788581245783,Sat Sep 05 2026 04:07:25 GMT+0000 (UTC),0,,,5,71.3,-8.3,600.8,21.8,
,,,,,,,SOLO,1788581261230,Sat Sep 05 2026 04:07:41 GMT+0000 (UTC),0,,,5,69.7,13.2,597,22.2,
,,,,,,,SOLO,1788581277088,Sat Sep 05 2026 04:07:57 GMT+0000 (UTC),0,,,V,33.4,-4,600.7,22.2,
,,,,,,,SOLO,1788581288692,Sat Sep 05 2026 04:08:08 GMT+0000 (UTC),0,,,V,36.8,-25.4,603.2,22.2,
### next string,,,,,,,,,,,,,,,,,,
Scott Brindley,Lockhart 3,AU-500y,2300,1695,18.1,4,,,,,,,,,,,,
,,,,,,,SOLO,1788581100463,Sat Sep 05 2026 04:05:00 GMT+0000 (UTC),0,,,V,-17.9,19.3,582.7,19.8,
,,,,,,,SOLO,1788581147613,Sat Sep 05 2026 04:05:47 GMT+0000 (UTC),0,,,V,39.1,55.1,581.2,19.6,
,,,,,,,SOLO,1788581183457,Sat Sep 05 2026 04:06:23 GMT+0000 (UTC),0,,,5,133,-2.2,581.8,19.8,
,,,,,,,SOLO,1788581239449,Sat Sep 05 2026 04:07:19 GMT+0000 (UTC),0,,,5,95.7,7.6,581.5,19.9,
,,,,,,,SOLO,1788581273728,Sat Sep 05 2026 04:07:53 GMT+0000 (UTC),0,,,V,-5.4,44.7,583.3,19.9,
,,,,,,,SOLO,1788581300913,Sat Sep 05 2026 04:08:20 GMT+0000 (UTC),0,,,5,52.3,57.7,583.3,19.9,
,,,,,,,SOLO,1788581333355,Sat Sep 05 2026 04:08:53 GMT+0000 (UTC),0,,,5,74.2,-56.7,577.3,19.6,
,,,,,,,SOLO,1788581370272,Sat Sep 05 2026 04:09:30 GMT+0000 (UTC),0,,,V,-3.4,-34.7,578.9,19.6,
,,,,,,,SOLO,1788581423957,Sat Sep 05 2026 04:10:23 GMT+0000 (UTC),0,,,V,-5.9,24.5,579.3,19.5,
,,,,,,,SOLO,1788581453032,Sat Sep 05 2026 04:10:53 GMT+0000 (UTC),0,,,5,-66.8,-53.4,577.1,19.7,
,,,,,,,SOLO,1788581501008,Sat Sep 05 2026 04:11:41 GMT+0000 (UTC),0,,,4,159.3,17.3,584.2,19.7,
,,,,,,,SOLO,1788581525071,Sat Sep 05 2026 04:12:05 GMT+0000 (UTC),0,,,V,2.7,-4.7,581.2,19.6,
,,,,,,,SOLO,1788581587040,Sat Sep 05 2026 04:13:07 GMT+0000 (UTC),0,,,V,18.1,-23.3,576.8,19.7,
,,,,,,,SOLO,1788581614789,Sat Sep 05 2026 04:13:34 GMT+0000 (UTC),0,,,5,72.7,7.6,583.6,19.4,
,,,,,,,SOLO,1788581643094,Sat Sep 05 2026 04:14:03 GMT+0000 (UTC),0,,,5,72.1,9.8,589.5,19.5,
### next string,,,,,,,,,,,,,,,,,,
Norm Jamie’s on,Lockhart 2,AU-500y,2300,1695,-0.2,19,,,,,,,,,,,,
,,,,,,,SOLO,1788581530641,Sat Sep 05 2026 04:12:10 GMT+0000 (UTC),0,,sighter,5,109.6,31.1,619.1,21.6,
,,,,,,,SOLO,1788581556647,Sat Sep 05 2026 04:12:36 GMT+0000 (UTC),0,,sighter,5,84.2,42.9,618,22,
,,,,,,,SOLO,1788581592161,Sat Sep 05 2026 04:13:12 GMT+0000 (UTC),0,,,6,61.7,-18.9,616.8,21.8,
,,,,,,,SOLO,1788581606628,Sat Sep 05 2026 04:13:26 GMT+0000 (UTC),0,,,X,23.5,-11.8,613.9,21.8,
,,,,,,,SOLO,1788581617394,Sat Sep 05 2026 04:13:37 GMT+0000 (UTC),0,,,X,19.2,-9.3,616.8,21.7,
,,,,,,,SOLO,1788581629252,Sat Sep 05 2026 04:13:49 GMT+0000 (UTC),0,,,X,10.1,19.7,620.6,21.7,
,,,,,,,SOLO,1788581641428,Sat Sep 05 2026 04:14:01 GMT+0000 (UTC),0,,,X,14.8,-7.8,618.3,21.2,
,,,,,,,SOLO,1788581650587,Sat Sep 05 2026 04:14:10 GMT+0000 (UTC),0,,,6,54.1,-11.2,617,22.6,
,,,,,,,SOLO,1788581661216,Sat Sep 05 2026 04:14:21 GMT+0000 (UTC),0,,,X,20,9.6,623.4,21.8,
,,,,,,,SOLO,1788581670777,Sat Sep 05 2026 04:14:30 GMT+0000 (UTC),0,,,X,-8.9,-6.1,619.1,20.9,
,,,,,,,SOLO,1788581682077,Sat Sep 05 2026 04:14:42 GMT+0000 (UTC),0,,,X,3.7,-0.5,619.8,21.7,
,,,,,,,SOLO,1788581692570,Sat Sep 05 2026 04:14:52 GMT+0000 (UTC),0,,,5,77.2,0.7,615.6,23.4,
,,,,,,,SOLO,1788581709435,Sat Sep 05 2026 04:15:09 GMT+0000 (UTC),0,,,6,46.8,-3.1,617.5,21.9,
,,,,,,,SOLO,1788581721123,Sat Sep 05 2026 04:15:21 GMT+0000 (UTC),0,,,6,-14.5,-38.7,626.7,21.9,
,,,,,,,SOLO,1788581732815,Sat Sep 05 2026 04:15:32 GMT+0000 (UTC),0,,,6,-50.7,-11.5,618.7,21.8,
,,,,,,,SOLO,1788581744123,Sat Sep 05 2026 04:15:44 GMT+0000 (UTC),0,,,X,31.9,-3.3,620.4,21.9,
,,,,,,,SOLO,1788581753516,Sat Sep 05 2026 04:15:53 GMT+0000 (UTC),0,,,X,33.5,-4.7,620.6,21.6,
### next string,,,,,,,,,,,,,,,,,,
Paul Golden,Lockhart 1,AU-500y,2300,1695,25.6,15.6,,,,,,,,,,,,
,,,,,,,SOLO,1788581389323,Sat Sep 05 2026 04:09:49 GMT+0000 (UTC),0,,sighter,4,202.3,-10.6,618.3,20.9,
,,,,,,,SOLO,1788581419247,Sat Sep 05 2026 04:10:19 GMT+0000 (UTC),0,,sighter,4,177.1,-34.4,618.1,21.2,
,,,,,,,SOLO,1788581446721,Sat Sep 05 2026 04:10:46 GMT+0000 (UTC),0,,,5,70.8,2.4,607.8,21.3,
,,,,,,,SOLO,1788581468050,Sat Sep 05 2026 04:11:08 GMT+0000 (UTC),0,,,6,34.5,16.8,606.1,21.2,
,,,,,,,SOLO,1788581487487,Sat Sep 05 2026 04:11:27 GMT+0000 (UTC),0,,,X,6.4,1.3,615.4,21.1,
,,,,,,,SOLO,1788581501271,Sat Sep 05 2026 04:11:41 GMT+0000 (UTC),0,,,5,112,-32.1,604.7,21.2,
,,,,,,,SOLO,1788581526171,Sat Sep 05 2026 04:12:06 GMT+0000 (UTC),0,,,6,62.8,20.6,612.3,21.1,
,,,,,,,SOLO,1788581548556,Sat Sep 05 2026 04:12:28 GMT+0000 (UTC),0,,,5,93.1,36.9,619.1,21.1,
,,,,,,,SOLO,1788581574737,Sat Sep 05 2026 04:12:54 GMT+0000 (UTC),0,,,X,-12.1,9,611.5,21.1,
,,,,,,,SOLO,1788581590280,Sat Sep 05 2026 04:13:10 GMT+0000 (UTC),0,,,X,-3,16,620,21.2,
,,,,,,,SOLO,1788581618088,Sat Sep 05 2026 04:13:38 GMT+0000 (UTC),0,,,5,69.2,-10,618.2,21.1,
,,,,,,,SOLO,1788581643343,Sat Sep 05 2026 04:14:03 GMT+0000 (UTC),0,,,X,-24.7,16.4,624,21.1,
,,,,,,,SOLO,1788581688220,Sat Sep 05 2026 04:14:48 GMT+0000 (UTC),0,,,6,57,-14.3,617.3,21.1,
,,,,,,,SOLO,1788581706429,Sat Sep 05 2026 04:15:06 GMT+0000 (UTC),0,,,X,-6.2,-35.7,615.7,21.3,
,,,,,,,SOLO,1788581727044,Sat Sep 05 2026 04:15:27 GMT+0000 (UTC),0,,,6,40.9,-42.7,611,21.1,
,,,,,,,SOLO,1788581743120,Sat Sep 05 2026 04:15:43 GMT+0000 (UTC),0,,,5,82.4,-26,614.6,21.2,
,,,,,,,SOLO,1788581768038,Sat Sep 05 2026 04:16:08 GMT+0000 (UTC),0,,,X,-3.1,35.6,612.1,21.3,
### next string,,,,,,,,,,,,,,,,,,
C Halloran,Lockhart 5,AU-500y,2300,1695,-12.8,10.8,,,,,,,,,,,,
,,,,,,,SOLO,1788581103223,Sat Sep 05 2026 04:05:03 GMT+0000 (UTC),0,,sighter,4,296.7,14.4,617.2,22,
,,,,,,,SOLO,1788581145735,Sat Sep 05 2026 04:05:45 GMT+0000 (UTC),0,,,V,-53.5,-13.3,606.9,21.8,
,,,,,,,SOLO,1788581192062,Sat Sep 05 2026 04:06:32 GMT+0000 (UTC),0,,,4,217.9,17.2,622.8,22,
,,,,,,,SOLO,1788581245975,Sat Sep 05 2026 04:07:25 GMT+0000 (UTC),0,,,V,22.8,51.4,608.7,22.1,
,,,,,,,SOLO,1788581284376,Sat Sep 05 2026 04:08:04 GMT+0000 (UTC),0,,,V,13.6,-27.5,709.5,22,
,,,,,,,SOLO,1788581319876,Sat Sep 05 2026 04:08:39 GMT+0000 (UTC),0,,,5,-112.9,31.1,596.9,21.1,
,,,,,,,SOLO,1788581379990,Sat Sep 05 2026 04:09:39 GMT+0000 (UTC),0,,,4,-158.5,149.2,625.6,21.8,
,,,,,,,SOLO,1788581431370,Sat Sep 05 2026 04:10:31 GMT+0000 (UTC),0,,,5,-60.4,103.9,619.1,21.9,
,,,,,,,SOLO,1788581474461,Sat Sep 05 2026 04:11:14 GMT+0000 (UTC),0,,,4,78.1,-167.4,593.5,21.7,
,,,,,,,SOLO,1788581509347,Sat Sep 05 2026 04:11:49 GMT+0000 (UTC),0,,,4,131.4,-159.3,592.7,21.8,
,,,,,,,SOLO,1788581558799,Sat Sep 05 2026 04:12:38 GMT+0000 (UTC),0,,,4,133.3,23.6,595.3,21.5,
,,,,,,,SOLO,1788581609116,Sat Sep 05 2026 04:13:29 GMT+0000 (UTC),0,,,4,-98,93.7,616.9,21.6,
,,,,,,,SOLO,1788581660901,Sat Sep 05 2026 04:14:20 GMT+0000 (UTC),0,,,V,-5.3,53.8,605.3,21.3,
,,,,,,,SOLO,1788581687451,Sat Sep 05 2026 04:14:47 GMT+0000 (UTC),0,,,5,-124.6,-0.2,628.5,21.7,
,,,,,,,SOLO,1788581723318,Sat Sep 05 2026 04:15:23 GMT+0000 (UTC),0,,,5,72.4,-13.7,598.4,21.9,
,,,,,,,SOLO,1788581754835,Sat Sep 05 2026 04:15:54 GMT+0000 (UTC),0,,,V,28.8,3.8,620.5,21.4,
### next string,,,,,,,,,,,,,,,,,,
L Brinkley,Lockhart 4,AU-500y,2300,1695,-12.5,23.8,,,,,,,,,,,,
,,,,,,,SOLO,1788581295049,Sat Sep 05 2026 04:08:15 GMT+0000 (UTC),0,,sighter,4,171.8,62.8,594.1,21.6,
,,,,,,,SOLO,1788581337323,Sat Sep 05 2026 04:08:57 GMT+0000 (UTC),0,,,V,58.4,-11,602.7,21,
,,,,,,,SOLO,1788581384945,Sat Sep 05 2026 04:09:44 GMT+0000 (UTC),0,,,V,16.8,12.6,600.8,21.6,
,,,,,,,SOLO,1788581422260,Sat Sep 05 2026 04:10:22 GMT+0000 (UTC),0,,,V,30.4,6,595.1,21.2,
,,,,,,,SOLO,1788581463768,Sat Sep 05 2026 04:11:03 GMT+0000 (UTC),0,,,V,6.9,52.4,606.5,22.3,
,,,,,,,SOLO,1788581508213,Sat Sep 05 2026 04:11:48 GMT+0000 (UTC),0,,,5,23.2,86.7,601.5,21.5,
,,,,,,,SOLO,1788581583227,Sat Sep 05 2026 04:13:03 GMT+0000 (UTC),0,,,5,50.3,-47.9,598.5,21.3,
,,,,,,,SOLO,1788581630367,Sat Sep 05 2026 04:13:50 GMT+0000 (UTC),0,,,V,-21.5,-56.3,596,21.2,
,,,,,,,SOLO,1788581765185,Sat Sep 05 2026 04:16:05 GMT+0000 (UTC),0,,,5,-76.8,-39.6,591,21.4,
,,,,,,,SOLO,1788581798425,Sat Sep 05 2026 04:16:38 GMT+0000 (UTC),0,,,4,-79.3,114.5,591.6,21.4,
,,,,,,,SOLO,1788581974258,Sat Sep 05 2026 04:19:34 GMT+0000 (UTC),0,,,5,-73.3,99,590.6,21.6,
,,,,,,,SOLO,1788582014574,Sat Sep 05 2026 04:20:14 GMT+0000 (UTC),0,,,V,-29.1,-12.7,588,21.5,
,,,,,,,SOLO,1788582058545,Sat Sep 05 2026 04:20:58 GMT+0000 (UTC),0,,,4,148.1,-44.3,602.3,21.6,
,,,,,,,missed_shot,1788582210150,Sat Sep 05 2026 04:23:30 GMT+0000 (UTC),0,,,0,0,0,0,22,
,,,,,,,SOLO,1788582124553,Sat Sep 05 2026 04:22:04 GMT+0000 (UTC),0,,,5,107.6,12.5,604.8,21.6,
,,,,,,,SOLO,1788582152023,Sat Sep 05 2026 04:22:32 GMT+0000 (UTC),0,,,V,-16.9,51.7,601.5,20.8,
### next string,,,,,,,,,,,,,,,,,,
S sharp,Lockhart 2,AU-500y,2300,1695,-0.2,19,,,,,,,,,,,,
,,,,,,,SOLO,1788581865647,Sat Sep 05 2026 04:17:45 GMT+0000 (UTC),0,,sighter,5,-121,2.9,611.8,21.3,
,,,,,,,SOLO,1788581912921,Sat Sep 05 2026 04:18:32 GMT+0000 (UTC),0,,,X,2.2,32.3,611.2,22.1,
,,,,,,,SOLO,1788581943887,Sat Sep 05 2026 04:19:03 GMT+0000 (UTC),0,,,6,57.1,-5.2,620,21.9,
,,,,,,,SOLO,1788581970193,Sat Sep 05 2026 04:19:30 GMT+0000 (UTC),0,,,X,24,-4.2,609.5,21.6,
,,,,,,,SOLO,1788581994588,Sat Sep 05 2026 04:19:54 GMT+0000 (UTC),0,,,6,-39.5,0.4,611,21.9,
,,,,,,,SOLO,1788582022889,Sat Sep 05 2026 04:20:22 GMT+0000 (UTC),0,,,6,57.3,-18,614.8,22.1,
,,,,,,,SOLO,1788582047290,Sat Sep 05 2026 04:20:47 GMT+0000 (UTC),0,,,6,35.4,-35.7,610.1,21.9,
,,,,,,,SOLO,1788582070017,Sat Sep 05 2026 04:21:10 GMT+0000 (UTC),0,,,X,17.9,15.5,611.2,21.9,
,,,,,,,SOLO,1788582092828,Sat Sep 05 2026 04:21:32 GMT+0000 (UTC),0,,,5,71.3,11.1,614.3,20.9,
,,,,,,,SOLO,1788582114061,Sat Sep 05 2026 04:21:54 GMT+0000 (UTC),0,,,X,3.5,6.9,614.2,22,
,,,,,,,SOLO,1788582131736,Sat Sep 05 2026 04:22:11 GMT+0000 (UTC),0,,,6,35.6,12.8,616.9,22.1,
,,,,,,,SOLO,1788582154389,Sat Sep 05 2026 04:22:34 GMT+0000 (UTC),0,,,X,16.5,-5,617.2,23.8,
,,,,,,,SOLO,1788582169691,Sat Sep 05 2026 04:22:49 GMT+0000 (UTC),0,,,6,46.4,-29.4,607.1,21.6,
,,,,,,,SOLO,1788582193884,Sat Sep 05 2026 04:23:13 GMT+0000 (UTC),0,,,6,-36.6,13.8,614.8,21.9,
,,,,,,,SOLO,1788582220542,Sat Sep 05 2026 04:23:40 GMT+0000 (UTC),0,,,5,70.9,-32.8,611.6,23.6,
,,,,,,,SOLO,1788582248784,Sat Sep 05 2026 04:24:08 GMT+0000 (UTC),0,,,6,-39.6,44.4,616.9,22.1,
### next string,,,,,,,,,,,,,,,,,,
McGuigan,Lockhart 3,AU-500y,2300,1695,18.1,4,,,,,,,,,,,,
,,,,,,,SOLO,1788581776503,Sat Sep 05 2026 04:16:16 GMT+0000 (UTC),0,,sighter,4,-72.3,-138.8,601,19.6,
,,,,,,,SOLO,1788581841031,Sat Sep 05 2026 04:17:21 GMT+0000 (UTC),0,,,5,78.4,2.2,605.6,19.7,
,,,,,,,SOLO,1788581880845,Sat Sep 05 2026 04:18:00 GMT+0000 (UTC),0,,,4,157.2,25.6,607.3,19.8,
,,,,,,,SOLO,1788581918434,Sat Sep 05 2026 04:18:38 GMT+0000 (UTC),0,,,V,37.1,10.8,609.1,19.7,
,,,,,,,SOLO,1788581944508,Sat Sep 05 2026 04:19:04 GMT+0000 (UTC),0,,,5,108.1,17.1,608.9,19.7,
,,,,,,,SOLO,1788581974075,Sat Sep 05 2026 04:19:34 GMT+0000 (UTC),0,,,V,-27.6,51.5,602.2,19.9,
,,,,,,,SOLO,1788582006683,Sat Sep 05 2026 04:20:06 GMT+0000 (UTC),0,,,4,-159.9,-230.1,601.4,19.7,
,,,,,,,SOLO,1788582056423,Sat Sep 05 2026 04:20:56 GMT+0000 (UTC),0,,,5,126.9,42.5,605.5,19.9,
,,,,,,,SOLO,1788582086742,Sat Sep 05 2026 04:21:26 GMT+0000 (UTC),0,,,5,101.8,-43.6,584.9,19.9,
,,,,,,,SOLO,1788582139183,Sat Sep 05 2026 04:22:19 GMT+0000 (UTC),0,,,4,180,-40.8,609.2,19.9,
,,,,,,,SOLO,1788582176948,Sat Sep 05 2026 04:22:56 GMT+0000 (UTC),0,,,4,139.6,150.5,605.8,19.9,
,,,,,,,SOLO,1788582225686,Sat Sep 05 2026 04:23:45 GMT+0000 (UTC),0,,,5,-2.9,101.9,601.2,19.8,
,,,,,,,SOLO,1788582262120,Sat Sep 05 2026 04:24:22 GMT+0000 (UTC),0,,,V,0.7,-3.9,597.3,19.9,
,,,,,,,SOLO,1788582294429,Sat Sep 05 2026 04:24:54 GMT+0000 (UTC),0,,,3,-22.7,-309.6,615.8,19.9,
,,,,,,,SOLO,1788582331092,Sat Sep 05 2026 04:25:31 GMT+0000 (UTC),0,,,5,10.4,81,603.4,19.9,
,,,,,,,SOLO,1788582360029,Sat Sep 05 2026 04:26:00 GMT+0000 (UTC),0,,,V,37.1,-20.3,606.9,19.9,
,,,,,,,SOLO,1788582391940,Sat Sep 05 2026 04:26:31 GMT+0000 (UTC),0,,,V,23.3,10.3,620.4,19.9,
### next string,,,,,,,,,,,,,,,,,,
D Dupree 500,Lockhart 1,AU-500y,2300,1695,25.6,15.6,,,,,,,,,,,,
,,,,,,,SOLO,1788581923461,Sat Sep 05 2026 04:18:43 GMT+0000 (UTC),0,,sighter,X,14.4,15.4,592.1,20.8,
,,,,,,,SOLO,1788582002109,Sat Sep 05 2026 04:20:02 GMT+0000 (UTC),0,,sighter,4,-144,-37.6,588.3,21.2,
,,,,,,,SOLO,1788582075215,Sat Sep 05 2026 04:21:15 GMT+0000 (UTC),0,,,5,86.2,27.7,608.1,20.4,
,,,,,,,SOLO,1788582131850,Sat Sep 05 2026 04:22:11 GMT+0000 (UTC),0,,,6,-27.6,28.5,590.7,22.9,
,,,,,,,SOLO,1788582143858,Sat Sep 05 2026 04:22:23 GMT+0000 (UTC),0,,,6,-27.5,-60.1,600,21.4,
,,,,,,,SOLO,1788582158421,Sat Sep 05 2026 04:22:38 GMT+0000 (UTC),0,,,5,-71.3,-41.8,585.2,21.5,
,,,,,,,SOLO,1788582173292,Sat Sep 05 2026 04:22:53 GMT+0000 (UTC),0,,,5,84.5,44.1,601.4,21.4,
,,,,,,,SOLO,1788582207348,Sat Sep 05 2026 04:23:27 GMT+0000 (UTC),0,,,6,68.4,-7.7,589.5,21.4,
,,,,,,,SOLO,1788582229928,Sat Sep 05 2026 04:23:49 GMT+0000 (UTC),0,,,6,55,-11.3,586.4,20.9,
,,,,,,,SOLO,1788582248653,Sat Sep 05 2026 04:24:08 GMT+0000 (UTC),0,,,6,4.3,42.3,591,21.6,
,,,,,,,SOLO,1788582267523,Sat Sep 05 2026 04:24:27 GMT+0000 (UTC),0,,,6,-32.8,-31.1,588.1,21.5,
,,,,,,,SOLO,1788582290100,Sat Sep 05 2026 04:24:50 GMT+0000 (UTC),0,,,5,74.4,24.7,588.1,21.4,
,,,,,,,SOLO,1788582309620,Sat Sep 05 2026 04:25:09 GMT+0000 (UTC),0,,,X,4.7,-23.6,593.9,21.6,
,,,,,,,SOLO,1788582326233,Sat Sep 05 2026 04:25:26 GMT+0000 (UTC),0,,,6,-58.6,-4.9,586.9,21.6,
,,,,,,,SOLO,1788582344477,Sat Sep 05 2026 04:25:44 GMT+0000 (UTC),0,,,X,17.6,2.2,588.5,21.6,
,,,,,,,SOLO,1788582365782,Sat Sep 05 2026 04:26:05 GMT+0000 (UTC),0,,,6,5.5,-45.5,589.6,21,
,,,,,,,SOLO,1788582416215,Sat Sep 05 2026 04:26:56 GMT+0000 (UTC),0,,,X,19.5,6.7,596.1,21.6,
### next string,,,,,,,,,,,,,,,,,,
R McRae,Lockhart 5,AU-500y,2300,1695,-12.8,10.8,,,,,,,,,,,,
,,,,,,,SOLO,1788582016826,Sat Sep 05 2026 04:20:16 GMT+0000 (UTC),0,,sighter,6,-17.2,39.9,636.4,21.9,
,,,,,,,SOLO,1788582041338,Sat Sep 05 2026 04:20:41 GMT+0000 (UTC),0,,sighter,5,77.4,29.8,626,22.2,
,,,,,,,SOLO,1788582115171,Sat Sep 05 2026 04:21:55 GMT+0000 (UTC),0,,,6,-11.7,36.1,612.9,21.9,
,,,,,,,SOLO,1788582132848,Sat Sep 05 2026 04:22:12 GMT+0000 (UTC),0,,,5,88.1,13.1,620.6,22,
,,,,,,,SOLO,1788582173597,Sat Sep 05 2026 04:22:53 GMT+0000 (UTC),0,,,X,-20,10.1,617.2,22,
,,,,,,,SOLO,1788582194865,Sat Sep 05 2026 04:23:14 GMT+0000 (UTC),0,,,6,-6.7,-40.3,612.8,22,
,,,,,,,SOLO,1788582215934,Sat Sep 05 2026 04:23:35 GMT+0000 (UTC),0,,,X,5.5,-4.3,619.4,22.1,
,,,,,,,SOLO,1788582234142,Sat Sep 05 2026 04:23:54 GMT+0000 (UTC),0,,,5,133.6,-6.2,634.9,23.5,
,,,,,,,SOLO,1788582381857,Sat Sep 05 2026 04:26:21 GMT+0000 (UTC),0,,,6,66.8,2.7,610.3,23.4,
,,,,,,,SOLO,1788582408653,Sat Sep 05 2026 04:26:48 GMT+0000 (UTC),0,,,6,-36.6,4,640.4,22.4,
,,,,,,,SOLO,1788582454102,Sat Sep 05 2026 04:27:34 GMT+0000 (UTC),0,,,X,24.6,-22,631.9,22.9,
,,,,,,,SOLO,1788582479540,Sat Sep 05 2026 04:27:59 GMT+0000 (UTC),0,,,6,-17.4,-57.4,621.3,22.2,
,,,,,,,SOLO,1788582505449,Sat Sep 05 2026 04:28:25 GMT+0000 (UTC),0,,,X,0.5,-25,632.7,22.4,
,,,,,,,SOLO,1788582523495,Sat Sep 05 2026 04:28:43 GMT+0000 (UTC),0,,,6,60.9,-31.7,624.9,22.3,
,,,,,,,SOLO,1788582544078,Sat Sep 05 2026 04:29:04 GMT+0000 (UTC),0,,,6,-49.1,-47.4,624,22.1,
,,,,,,,SOLO,1788582564929,Sat Sep 05 2026 04:29:24 GMT+0000 (UTC),0,,,X,31.5,-3.8,634.6,22.3,
,,,,,,,SOLO,1788582582390,Sat Sep 05 2026 04:29:42 GMT+0000 (UTC),0,,,X,24.4,24.4,631.8,22.2,
### next string,,,,,,,,,,,,,,,,,,
May,Lockhart 3,AU-500y,2300,1695,18.1,4,,,,,,,,,,,,
,,,,,,,SOLO,1788582505163,Sat Sep 05 2026 04:28:25 GMT+0000 (UTC),0,,,6,-38.1,3.8,601.7,20.2,
,,,,,,,SOLO,1788582536389,Sat Sep 05 2026 04:28:56 GMT+0000 (UTC),0,,,X,2.6,19,603,20.1,
,,,,,,,SOLO,1788582559718,Sat Sep 05 2026 04:29:19 GMT+0000 (UTC),0,,,6,53,8.9,608.4,20.1,
,,,,,,,SOLO,1788582578865,Sat Sep 05 2026 04:29:38 GMT+0000 (UTC),0,,,5,114.8,-37,614.4,20.2,
,,,,,,,SOLO,1788582598728,Sat Sep 05 2026 04:29:58 GMT+0000 (UTC),0,,,5,81.5,-18.4,610.4,20.2,
,,,,,,,SOLO,1788582618128,Sat Sep 05 2026 04:30:18 GMT+0000 (UTC),0,,,6,10.7,-48.1,611.9,20.1,
,,,,,,,SOLO,1788582632856,Sat Sep 05 2026 04:30:32 GMT+0000 (UTC),0,,,6,-46.8,35.4,589.9,20.1,
,,,,,,,SOLO,1788582648710,Sat Sep 05 2026 04:30:48 GMT+0000 (UTC),0,,,5,70.5,-38.9,601.4,20.3,
,,,,,,,SOLO,1788582668269,Sat Sep 05 2026 04:31:08 GMT+0000 (UTC),0,,,6,38.4,-4.6,605.5,20.2,
,,,,,,,SOLO,1788582684922,Sat Sep 05 2026 04:31:24 GMT+0000 (UTC),0,,,5,-67.4,-17.1,607.8,20.1,
,,,,,,,SOLO,1788582703451,Sat Sep 05 2026 04:31:43 GMT+0000 (UTC),0,,,5,87.1,2.8,605,20.2,
,,,,,,,SOLO,1788582724748,Sat Sep 05 2026 04:32:04 GMT+0000 (UTC),0,,,6,9.7,63.9,622.6,20.2,
,,,,,,,SOLO,1788582741245,Sat Sep 05 2026 04:32:21 GMT+0000 (UTC),0,,,5,-85,13.6,601.3,20.1,
,,,,,,,SOLO,1788582758370,Sat Sep 05 2026 04:32:38 GMT+0000 (UTC),0,,,5,-69.7,57.1,620.2,20.3,
,,,,,,,SOLO,1788582775912,Sat Sep 05 2026 04:32:55 GMT+0000 (UTC),0,,,X,25.5,11.6,601,20.1,
### next string,,,,,,,,,,,,,,,,,,
S bore,Lockhart 2,AU-500y,2300,1695,-0.2,19,,,,,,,,,,,,
,,,,,,,SOLO,1788582496436,Sat Sep 05 2026 04:28:16 GMT+0000 (UTC),0,,sighter,5,69.1,29.3,674,22.3,
,,,,,,,SOLO,1788582524616,Sat Sep 05 2026 04:28:44 GMT+0000 (UTC),0,,,X,2.3,-13.5,663.3,21.8,
,,,,,,,SOLO,1788582583298,Sat Sep 05 2026 04:29:43 GMT+0000 (UTC),0,,,6,36.2,-9.9,661.1,21.5,
,,,,,,,SOLO,1788582603587,Sat Sep 05 2026 04:30:03 GMT+0000 (UTC),0,,,X,3.9,-16.3,663.2,22.2,
,,,,,,,SOLO,1788582617281,Sat Sep 05 2026 04:30:17 GMT+0000 (UTC),0,,,X,-2,24.5,672,22.4,
,,,,,,,SOLO,1788582632324,Sat Sep 05 2026 04:30:32 GMT+0000 (UTC),0,,,X,2.4,34.3,661.9,23,
,,,,,,,SOLO,1788582655060,Sat Sep 05 2026 04:30:55 GMT+0000 (UTC),0,,,X,-0.1,-6.2,662.2,26.1,
,,,,,,,SOLO,1788582668147,Sat Sep 05 2026 04:31:08 GMT+0000 (UTC),0,,,X,0.7,-26.9,669.8,22.1,
,,,,,,,SOLO,1788582684472,Sat Sep 05 2026 04:31:24 GMT+0000 (UTC),0,,,6,-12.7,-42.7,668.2,22.3,
,,,,,,,SOLO,1788582700428,Sat Sep 05 2026 04:31:40 GMT+0000 (UTC),0,,,X,0.6,1.1,673.7,22.4,
,,,,,,,SOLO,1788582714323,Sat Sep 05 2026 04:31:54 GMT+0000 (UTC),0,,,X,-19.4,9.8,660.1,22.4,
,,,,,,,SOLO,1788582734160,Sat Sep 05 2026 04:32:14 GMT+0000 (UTC),0,,,6,-53.7,-1.9,659.7,22.4,
,,,,,,,SOLO,1788582808476,Sat Sep 05 2026 04:33:28 GMT+0000 (UTC),0,,,6,-18.6,44.5,662.8,21.9,
,,,,,,,SOLO,1788582822616,Sat Sep 05 2026 04:33:42 GMT+0000 (UTC),0,,,X,-25,21.4,659,22.3,
,,,,,,,SOLO,1788582837271,Sat Sep 05 2026 04:33:57 GMT+0000 (UTC),0,,,6,27.2,33.4,652,22.3,
,,,,,,,SOLO,1788582848629,Sat Sep 05 2026 04:34:08 GMT+0000 (UTC),0,,,6,31.1,26.4,670.8,21.2,
### next string,,,,,,,,,,,,,,,,,,
Styles,Lockhart 5,AU-500y,2300,1695,-12.8,10.8,,,,,,,,,,,,
,,,,,,,SOLO,1788582702389,Sat Sep 05 2026 04:31:42 GMT+0000 (UTC),0,,sighter,5,-116.7,-39.8,602.6,22.3,
,,,,,,,SOLO,1788582721392,Sat Sep 05 2026 04:32:01 GMT+0000 (UTC),0,,,6,-13.3,62.7,605,22.3,
,,,,,,,SOLO,1788582743532,Sat Sep 05 2026 04:32:23 GMT+0000 (UTC),0,,,X,9.6,19.5,600.1,24.7,
,,,,,,,SOLO,1788582763795,Sat Sep 05 2026 04:32:43 GMT+0000 (UTC),0,,,5,-98.3,19.9,626.6,22.2,
,,,,,,,SOLO,1788582812797,Sat Sep 05 2026 04:33:32 GMT+0000 (UTC),0,,,X,33.2,13.3,611.7,22.2,
,,,,,,,SOLO,1788582821348,Sat Sep 05 2026 04:33:41 GMT+0000 (UTC),0,,,X,16.7,12,587.6,22.2,
,,,,,,,SOLO,1788582830884,Sat Sep 05 2026 04:33:50 GMT+0000 (UTC),0,,,6,52.1,11.4,615.8,23.9,
,,,,,,,SOLO,1788582837154,Sat Sep 05 2026 04:33:57 GMT+0000 (UTC),0,,,X,-7.3,1.4,593.2,22.3,
,,,,,,,SOLO,1788582847136,Sat Sep 05 2026 04:34:07 GMT+0000 (UTC),0,,,X,8.8,-12.9,589.1,22.1,
,,,,,,,SOLO,1788582855543,Sat Sep 05 2026 04:34:15 GMT+0000 (UTC),0,,,X,2.1,29.4,596.7,22.1,
,,,,,,,SOLO,1788582864322,Sat Sep 05 2026 04:34:24 GMT+0000 (UTC),0,,,X,15.9,-7.6,600.5,21.9,
,,,,,,,SOLO,1788582872552,Sat Sep 05 2026 04:34:32 GMT+0000 (UTC),0,,,6,49.9,-5.8,600.3,22.1,
,,,,,,,SOLO,1788582890413,Sat Sep 05 2026 04:34:50 GMT+0000 (UTC),0,,,5,113.4,-22.6,624.1,22.2,
,,,,,,,SOLO,1788582974568,Sat Sep 05 2026 04:36:14 GMT+0000 (UTC),0,,,5,77.9,76,603,22.2,
,,,,,,,SOLO,1788582987942,Sat Sep 05 2026 04:36:27 GMT+0000 (UTC),0,,,5,61,-53.7,605.7,22.1,
,,,,,,,SOLO,1788583003026,Sat Sep 05 2026 04:36:43 GMT+0000 (UTC),0,,,X,-6.5,-21,615,22.1,
### next string,,,,,,,,,,,,,,,,,,
Alex,Lockhart 4,AU-500y,2300,1695,-12.5,23.8,,,,,,,,,,,,
,,,,,,,SOLO,1788582437582,Sat Sep 05 2026 04:27:17 GMT+0000 (UTC),0,,sighter,3,336.1,-41.9,573.6,21.8,
,,,,,,,SOLO,1788582500713,Sat Sep 05 2026 04:28:20 GMT+0000 (UTC),0,,,5,118.4,7.1,576.5,21.9,
,,,,,,,SOLO,1788582556119,Sat Sep 05 2026 04:29:16 GMT+0000 (UTC),0,,,V,18.8,37.3,581.1,21.9,
,,,,,,,SOLO,1788582596676,Sat Sep 05 2026 04:29:56 GMT+0000 (UTC),0,,,5,-75.2,6.4,579.8,22,
,,,,,,,SOLO,1788582639091,Sat Sep 05 2026 04:30:39 GMT+0000 (UTC),0,,,5,-75.1,101.8,573.3,21.4,
,,,,,,,SOLO,1788582683473,Sat Sep 05 2026 04:31:23 GMT+0000 (UTC),0,,,4,-140.8,11.7,574.2,21.9,
,,,,,,,SOLO,1788582753675,Sat Sep 05 2026 04:32:33 GMT+0000 (UTC),0,,,5,95.3,6.2,564.1,21.8,
,,,,,,,SOLO,1788582812896,Sat Sep 05 2026 04:33:32 GMT+0000 (UTC),0,,,5,54.3,-45,567.1,21.8,
,,,,,,,SOLO,1788582870658,Sat Sep 05 2026 04:34:30 GMT+0000 (UTC),0,,,4,71.5,149,565,21.7,
,,,,,,,SOLO,1788582947162,Sat Sep 05 2026 04:35:47 GMT+0000 (UTC),0,,,5,71.5,23.8,570.2,21.9,
,,,,,,,SOLO,1788582992675,Sat Sep 05 2026 04:36:32 GMT+0000 (UTC),0,,,5,-52.5,87.5,569,21.2,
,,,,,,,SOLO,1788583041252,Sat Sep 05 2026 04:37:21 GMT+0000 (UTC),0,,,4,76.1,118.7,564.5,20.9,
,,,,,,,SOLO,1788583106352,Sat Sep 05 2026 04:38:26 GMT+0000 (UTC),0,,,4,-72.4,124.6,578.8,20.1,
,,,,,,,SOLO,1788583148203,Sat Sep 05 2026 04:39:08 GMT+0000 (UTC),0,,,5,98,24.2,577.7,21.4,
,,,,,,,SOLO,1788583195894,Sat Sep 05 2026 04:39:55 GMT+0000 (UTC),0,,,5,78.8,12.6,563.3,21.4,
,,,,,,,SOLO,1788583246732,Sat Sep 05 2026 04:40:46 GMT+0000 (UTC),0,,,V,48.8,-17.6,570.8,21.4,
### next string,,,,,,,,,,,,,,,,,,
B Rowlands,Lockhart 5,AU-500y,2300,1695,-12.8,10.8,,,,,,,,,,,,
,,,,,,,SOLO,1788583154562,Sat Sep 05 2026 04:39:14 GMT+0000 (UTC),0,,sighter,5,84.6,54.9,603.6,21.8,
,,,,,,,SOLO,1788583187383,Sat Sep 05 2026 04:39:47 GMT+0000 (UTC),0,,sighter,5,95.9,-47.6,609.3,21.9,
,,,,,,,SOLO,1788583217537,Sat Sep 05 2026 04:40:17 GMT+0000 (UTC),0,,,X,-14.9,-12.8,595.4,21.5,
,,,,,,,SOLO,1788583236331,Sat Sep 05 2026 04:40:36 GMT+0000 (UTC),0,,,X,-16.8,20.3,628.1,21.8,
,,,,,,,SOLO,1788583255246,Sat Sep 05 2026 04:40:55 GMT+0000 (UTC),0,,,5,95.5,-12.5,606.5,21.7,
,,,,,,,SOLO,1788583288244,Sat Sep 05 2026 04:41:28 GMT+0000 (UTC),0,,,6,-42.5,-19.9,606.1,21.8,
,,,,,,,SOLO,1788583307939,Sat Sep 05 2026 04:41:47 GMT+0000 (UTC),0,,,6,55.7,-13,620.9,21.6,
,,,,,,,SOLO,1788583332624,Sat Sep 05 2026 04:42:12 GMT+0000 (UTC),0,,,X,14.6,25.1,610.7,21.6,
,,,,,,,SOLO,1788583358461,Sat Sep 05 2026 04:42:38 GMT+0000 (UTC),0,,,X,1.4,2.2,600.5,21.8,
,,,,,,,SOLO,1788583380527,Sat Sep 05 2026 04:43:00 GMT+0000 (UTC),0,,,6,26,-38,595.3,21.7,
,,,,,,,SOLO,1788583400903,Sat Sep 05 2026 04:43:20 GMT+0000 (UTC),0,,,X,-3.3,18.9,630.2,21.6,
,,,,,,,SOLO,1788583424609,Sat Sep 05 2026 04:43:44 GMT+0000 (UTC),0,,,6,64.4,-0.7,601.3,21.7,
,,,,,,,SOLO,1788583454763,Sat Sep 05 2026 04:44:14 GMT+0000 (UTC),0,,,6,-38.4,14.2,597.4,21.6,
,,,,,,,SOLO,1788583495881,Sat Sep 05 2026 04:44:55 GMT+0000 (UTC),0,,,5,52.4,49.6,639.7,21.5,
,,,,,,,SOLO,1788583518176,Sat Sep 05 2026 04:45:18 GMT+0000 (UTC),0,,,X,-1.7,21.3,615.3,21.6,
,,,,,,,SOLO,1788583538980,Sat Sep 05 2026 04:45:38 GMT+0000 (UTC),0,,,6,64.7,-22.3,592,21.5,
,,,,,,,SOLO,1788583562390,Sat Sep 05 2026 04:46:02 GMT+0000 (UTC),0,,,6,-43.3,17.2,592.1,21.5,
### next string,,,,,,,,,,,,,,,,,,
Williams,Lockhart 2,AU-500y,2300,1695,-0.2,19,,,,,,,,,,,,
,,,,,,,SOLO,1788583029365,Sat Sep 05 2026 04:37:09 GMT+0000 (UTC),0,,,5,-39,-61.3,611.4,22,
,,,,,,,SOLO,1788583102380,Sat Sep 05 2026 04:38:22 GMT+0000 (UTC),0,,,V,-36.9,43.5,612.2,22.3,
,,,,,,,SOLO,1788583162862,Sat Sep 05 2026 04:39:22 GMT+0000 (UTC),0,,,5,72.9,74.3,604.3,21.2,
,,,,,,,SOLO,1788583199039,Sat Sep 05 2026 04:39:59 GMT+0000 (UTC),0,,,5,51,-47.2,610.6,22,
,,,,,,,SOLO,1788583264683,Sat Sep 05 2026 04:41:04 GMT+0000 (UTC),0,,,5,-20.4,-72.8,604.3,21.8,
,,,,,,,SOLO,1788583317088,Sat Sep 05 2026 04:41:57 GMT+0000 (UTC),0,,,4,76.9,131.1,600.5,21.7,
,,,,,,,SOLO,1788583350134,Sat Sep 05 2026 04:42:30 GMT+0000 (UTC),0,,,V,18.8,-18.9,605.7,21.8,
,,,,,,,SOLO,1788583390058,Sat Sep 05 2026 04:43:10 GMT+0000 (UTC),0,,,V,-30.8,-7.8,601.9,21.6,
,,,,,,,SOLO,1788583421064,Sat Sep 05 2026 04:43:41 GMT+0000 (UTC),0,,,V,8.4,51,607.8,20.8,
,,,,,,,SOLO,1788583454558,Sat Sep 05 2026 04:44:14 GMT+0000 (UTC),0,,,4,176.2,-5.6,599.3,21.6,
,,,,,,,SOLO,1788583494273,Sat Sep 05 2026 04:44:54 GMT+0000 (UTC),0,,,V,-4.8,-37.6,596.3,21.6,
,,,,,,,SOLO,1788583565214,Sat Sep 05 2026 04:46:05 GMT+0000 (UTC),0,,,5,130.3,17.5,603.7,21.5,
,,,,,,,SOLO,1788583602990,Sat Sep 05 2026 04:46:42 GMT+0000 (UTC),0,,,5,68.8,20.5,602.2,21.5,
,,,,,,,SOLO,1788583639447,Sat Sep 05 2026 04:47:19 GMT+0000 (UTC),0,,,5,-8,-99.9,604.1,21.6,
,,,,,,,SOLO,1788583671050,Sat Sep 05 2026 04:47:51 GMT+0000 (UTC),0,,,4,142.8,-23.9,601.4,21.6,
### next string,,,,,,,,,,,,,,,,,,
Bill Ballantyne,Lockhart 5,AU-500y,2300,1695,-12.8,10.8,,,,,,,,,,,,
,,,,,,,SOLO,1788583790293,Sat Sep 05 2026 04:49:50 GMT+0000 (UTC),0,,,4,108.3,213.6,590.5,21.8,
,,,,,,,SOLO,1788583823294,Sat Sep 05 2026 04:50:23 GMT+0000 (UTC),0,,,5,92,35.5,595,20.4,
,,,,,,,SOLO,1788583854160,Sat Sep 05 2026 04:50:54 GMT+0000 (UTC),0,,,V,-34.7,-26.6,588.4,21.9,
,,,,,,,SOLO,1788583877003,Sat Sep 05 2026 04:51:17 GMT+0000 (UTC),0,,,V,19.3,-11.7,581.1,21.7,
,,,,,,,SOLO,1788583899146,Sat Sep 05 2026 04:51:39 GMT+0000 (UTC),0,,,4,267.6,-13.5,590.3,21.9,
,,,,,,,SOLO,1788583922055,Sat Sep 05 2026 04:52:02 GMT+0000 (UTC),0,,,4,248,89,604.2,21.8,
,,,,,,,SOLO,1788583946158,Sat Sep 05 2026 04:52:26 GMT+0000 (UTC),0,,,5,-63.8,-32.3,593.7,21.7,
,,,,,,,SOLO,1788583966208,Sat Sep 05 2026 04:52:46 GMT+0000 (UTC),0,,,V,-42.3,-42.7,598.3,21.7,
,,,,,,,SOLO,1788583986335,Sat Sep 05 2026 04:53:06 GMT+0000 (UTC),0,,,V,41,-22.5,585.7,20.7,
,,,,,,,SOLO,1788584005527,Sat Sep 05 2026 04:53:25 GMT+0000 (UTC),0,,,5,-30.1,69.2,577.7,21.8,
,,,,,,,SOLO,1788584024544,Sat Sep 05 2026 04:53:44 GMT+0000 (UTC),0,,,V,-12.2,27.4,587.1,21.8,
,,,,,,,SOLO,1788584044857,Sat Sep 05 2026 04:54:04 GMT+0000 (UTC),0,,,4,-169.8,3.2,586.7,21.8,
,,,,,,,SOLO,1788584066727,Sat Sep 05 2026 04:54:26 GMT+0000 (UTC),0,,,4,151.8,-13,583.8,22.1,
,,,,,,,SOLO,1788584091738,Sat Sep 05 2026 04:54:51 GMT+0000 (UTC),0,,,5,-61.1,-57.8,601.4,21.3,
,,,,,,,SOLO,1788584116823,Sat Sep 05 2026 04:55:16 GMT+0000 (UTC),0,,,5,46.9,-84.5,600.4,22.9,
### next string,,,,,,,,,,,,,,,,,,
M shepherd,Lockhart 3,AU-500y,2300,1695,18.1,4,,,,,,,,,,,,
,,,,,,,SOLO,1788583552401,Sat Sep 05 2026 04:45:52 GMT+0000 (UTC),0,,,V,-21.7,19.6,601.3,19.3,
,,,,,,,SOLO,1788583600569,Sat Sep 05 2026 04:46:40 GMT+0000 (UTC),0,,,V,10,38.4,605.4,19.3,
,,,,,,,SOLO,1788583656448,Sat Sep 05 2026 04:47:36 GMT+0000 (UTC),0,,,5,-87.1,-1.6,601.8,19.3,
,,,,,,,SOLO,1788583766897,Sat Sep 05 2026 04:49:26 GMT+0000 (UTC),0,,,V,36.7,19.1,602,19.5,
,,,,,,,SOLO,1788583806557,Sat Sep 05 2026 04:50:06 GMT+0000 (UTC),0,,,V,-48.7,-19.4,599.1,19.6,
,,,,,,,SOLO,1788583839728,Sat Sep 05 2026 04:50:39 GMT+0000 (UTC),0,,,V,-16.1,-58.5,602.5,19.5,
,,,,,,,SOLO,1788583919820,Sat Sep 05 2026 04:51:59 GMT+0000 (UTC),0,,,5,66.4,-50.1,602.6,19.6,
,,,,,,,SOLO,1788583995113,Sat Sep 05 2026 04:53:15 GMT+0000 (UTC),0,,,V,46.7,-16.3,607.6,19.6,
,,,,,,,SOLO,1788584033424,Sat Sep 05 2026 04:53:53 GMT+0000 (UTC),0,,,5,-114.1,-29.2,596.2,19.5,
,,,,,,,SOLO,1788584182876,Sat Sep 05 2026 04:56:22 GMT+0000 (UTC),0,,,V,-62.2,-11.4,602,19.8,
,,,,,,,SOLO,1788584215856,Sat Sep 05 2026 04:56:55 GMT+0000 (UTC),0,,,V,-13.2,-11.4,607.4,19.8,
,,,,,,,SOLO,1788584245510,Sat Sep 05 2026 04:57:25 GMT+0000 (UTC),0,,,V,28.9,-25.3,603.9,19.7,
,,,,,,,SOLO,1788584275137,Sat Sep 05 2026 04:57:55 GMT+0000 (UTC),0,,,V,37,-25.3,597.9,19.8,
,,,,,,,SOLO,1788584316462,Sat Sep 05 2026 04:58:36 GMT+0000 (UTC),0,,,5,48,-55.6,595.4,19.7,
,,,,,,,SOLO,1788584360389,Sat Sep 05 2026 04:59:20 GMT+0000 (UTC),0,,,V,49.1,28.9,601,19.8,
### next string,,,,,,,,,,,,,,,,,,
Sam Daniel’s,Lockhart 4,AU-500y,2300,1695,-12.5,23.8,,,,,,,,,,,,
,,,,,,,SOLO,1788583365307,Sat Sep 05 2026 04:42:45 GMT+0000 (UTC),0,,,5,90.5,-0.9,599,21.3,
,,,,,,,SOLO,1788583404407,Sat Sep 05 2026 04:43:24 GMT+0000 (UTC),0,,,V,-20.9,41.6,613.7,22.7,
,,,,,,,SOLO,1788583473242,Sat Sep 05 2026 04:44:33 GMT+0000 (UTC),0,,,V,-15.4,-8.2,613.5,21.2,
,,,,,,,SOLO,1788583541049,Sat Sep 05 2026 04:45:41 GMT+0000 (UTC),0,,,V,36.7,-19.4,597.3,21.1,
,,,,,,,SOLO,1788583572537,Sat Sep 05 2026 04:46:12 GMT+0000 (UTC),0,,,5,-109.7,29.8,607.8,21.1,
,,,,,,,SOLO,1788583739308,Sat Sep 05 2026 04:48:59 GMT+0000 (UTC),0,,,5,79.9,-72.7,604.5,21.4,
,,,,,,,SOLO,1788583776646,Sat Sep 05 2026 04:49:36 GMT+0000 (UTC),0,,,V,-14.2,27.9,599.1,23.5,
,,,,,,,SOLO,1788583834033,Sat Sep 05 2026 04:50:34 GMT+0000 (UTC),0,,,5,91.6,1.1,593.8,21.4,
,,,,,,,SOLO,1788583913965,Sat Sep 05 2026 04:51:53 GMT+0000 (UTC),0,,,V,62.6,-5.9,599.1,21.4,
,,,,,,,SOLO,1788583988383,Sat Sep 05 2026 04:53:08 GMT+0000 (UTC),0,,,V,5.6,36.4,589,21.3,
,,,,,,,SOLO,1788584069252,Sat Sep 05 2026 04:54:29 GMT+0000 (UTC),0,,,V,-0.4,-36.5,609.4,21.3,
,,,,,,,SOLO,1788584162193,Sat Sep 05 2026 04:56:02 GMT+0000 (UTC),0,,,5,31.6,-73.7,604.9,21.6,
,,,,,,,SOLO,1788584245176,Sat Sep 05 2026 04:57:25 GMT+0000 (UTC),0,,,V,12.5,14,607.6,20.8,
,,,,,,,SOLO,1788584298011,Sat Sep 05 2026 04:58:18 GMT+0000 (UTC),0,,,V,10,-3.1,599.9,21.5,
,,,,,,,SOLO,1788584371878,Sat Sep 05 2026 04:59:31 GMT+0000 (UTC),0,,,5,83.7,11.8,604.7,21.5,

### next string,,,,,,,,,,,,,,,,,,
A Sarri,Lockhart 4,AU-700y,2300,1695,-12.5,23.8,,,,,,,,,,,,
,,,,,,,SOLO,1788647960115,Sat Sep 05 2026 22:39:20 GMT+0000 (UTC),0,,sighter,4,155.1,-147.4,567.4,19.3,
,,,,,,,SOLO,1788648025259,Sat Sep 05 2026 22:40:25 GMT+0000 (UTC),0,,sighter,4,101.2,159.5,572,19.3,
,,,,,,,SOLO,1788648069588,Sat Sep 05 2026 22:41:09 GMT+0000 (UTC),0,,,4,148.9,-103.5,564.4,19.1,
,,,,,,,SOLO,1788648085970,Sat Sep 05 2026 22:41:25 GMT+0000 (UTC),0,,,6,-34.7,-35,568.5,19.3,
,,,,,,,SOLO,1788648098775,Sat Sep 05 2026 22:41:38 GMT+0000 (UTC),0,,,5,27.2,-118.6,563.7,19.2,
,,,,,,,SOLO,1788648122495,Sat Sep 05 2026 22:42:02 GMT+0000 (UTC),0,,,5,-75,86.3,564.7,19.3,
,,,,,,,SOLO,1788648134230,Sat Sep 05 2026 22:42:14 GMT+0000 (UTC),0,,,6,12.5,-66.4,564.3,19.3,
,,,,,,,SOLO,1788648146129,Sat Sep 05 2026 22:42:26 GMT+0000 (UTC),0,,,X,27.8,2.1,566.2,19.3,
,,,,,,,SOLO,1788648155152,Sat Sep 05 2026 22:42:35 GMT+0000 (UTC),0,,,X,10.5,-42,561.8,19.3,
,,,,,,,SOLO,1788648163356,Sat Sep 05 2026 22:42:43 GMT+0000 (UTC),0,,,6,-29.6,-50.2,567,19.3,
,,,,,,,SOLO,1788648171401,Sat Sep 05 2026 22:42:51 GMT+0000 (UTC),0,,,6,26.7,-42,568,18.7,
,,,,,,,SOLO,1788648182482,Sat Sep 05 2026 22:43:02 GMT+0000 (UTC),0,,,5,-139.4,-81.9,567.4,19.6,
### next string,,,,,,,,,,,,,,,,,,
Doug George,Lockhart 1,AU-700y,2300,1695,25.6,15.6,,,,,,,,,,,,
,,,,,,,SOLO,1788647767655,Sat Sep 05 2026 22:36:07 GMT+0000 (UTC),0,,sighter,3,326.2,222.8,525,19.5,
,,,,,,,SOLO,1788647808214,Sat Sep 05 2026 22:36:48 GMT+0000 (UTC),0,,sighter,3,-212.8,369.7,541.1,19.4,
,,,,,,,SOLO,1788647859035,Sat Sep 05 2026 22:37:39 GMT+0000 (UTC),0,,,4,-255.3,-67.5,535.2,19.5,
,,,,,,,SOLO,1788648019997,Sat Sep 05 2026 22:40:19 GMT+0000 (UTC),0,,,6,-66,45.4,553.8,19.6,
,,,,,,,SOLO,1788648052745,Sat Sep 05 2026 22:40:52 GMT+0000 (UTC),0,,,5,-126.2,-36.8,541.2,19.7,
,,,,,,,SOLO,1788648078451,Sat Sep 05 2026 22:41:18 GMT+0000 (UTC),0,,,X,35.5,11.8,549.2,19.7,
,,,,,,,SOLO,1788648099363,Sat Sep 05 2026 22:41:39 GMT+0000 (UTC),0,,,6,48.7,-7.4,550.9,19.7,
,,,,,,,SOLO,1788648122424,Sat Sep 05 2026 22:42:02 GMT+0000 (UTC),0,,,6,-55.4,25,555.4,19.6,
,,,,,,,SOLO,1788648148257,Sat Sep 05 2026 22:42:28 GMT+0000 (UTC),0,,,X,6.8,10,544.6,19.7,
,,,,,,,SOLO,1788648172524,Sat Sep 05 2026 22:42:52 GMT+0000 (UTC),0,,,5,-76.8,-55.9,565.2,19.9,
,,,,,,,SOLO,1788648195030,Sat Sep 05 2026 22:43:15 GMT+0000 (UTC),0,,,5,-120.5,6.6,559.4,19.6,
,,,,,,,SOLO,1788648213437,Sat Sep 05 2026 22:43:33 GMT+0000 (UTC),0,,,6,-68.2,-28.3,560.1,19.8,
### next string,,,,,,,,,,,,,,,,,,
Dave Phipps ,Lockhart 3,AU-700y,2300,1695,18.1,4,,,,,,,,,,,,
,,,,,,,SOLO,1788647915827,Sat Sep 05 2026 22:38:35 GMT+0000 (UTC),0,,sighter,6,-32.9,47.5,517.5,16.4,
,,,,,,,SOLO,1788648027604,Sat Sep 05 2026 22:40:27 GMT+0000 (UTC),0,,sighter,5,-88.9,18.7,518.2,16.9,
,,,,,,,SOLO,1788648067028,Sat Sep 05 2026 22:41:07 GMT+0000 (UTC),0,,,4,208.3,-23.2,512.9,16.8,
,,,,,,,SOLO,1788648161957,Sat Sep 05 2026 22:42:41 GMT+0000 (UTC),0,,,6,-72.2,-40.7,518.6,16.9,
,,,,,,,SOLO,1788648174792,Sat Sep 05 2026 22:42:54 GMT+0000 (UTC),0,,,X,-34.3,10.8,520.6,16.9,
,,,,,,,SOLO,1788648185369,Sat Sep 05 2026 22:43:05 GMT+0000 (UTC),0,,,X,17.3,-7.7,518.3,16.9,
,,,,,,,SOLO,1788648193838,Sat Sep 05 2026 22:43:13 GMT+0000 (UTC),0,,,6,17.4,-61.7,516.4,16.9,
,,,,,,,SOLO,1788648208958,Sat Sep 05 2026 22:43:28 GMT+0000 (UTC),0,,,6,-66.7,-7.7,516.8,17.1,
,,,,,,,SOLO,1788648218766,Sat Sep 05 2026 22:43:38 GMT+0000 (UTC),0,,,5,87.2,-18.8,515.3,17.1,
,,,,,,,SOLO,1788648231751,Sat Sep 05 2026 22:43:51 GMT+0000 (UTC),0,,,6,-45.6,22.8,517.6,17.1,
,,,,,,,SOLO,1788648248745,Sat Sep 05 2026 22:44:08 GMT+0000 (UTC),0,,,X,-21.9,15.9,513.3,17.3,
,,,,,,,SOLO,1788648260479,Sat Sep 05 2026 22:44:20 GMT+0000 (UTC),0,,,X,9.2,15.3,518.3,17.4,
### next string,,,,,,,,,,,,,,,,,,
S Sharp,Lockhart 2,AU-700y,2300,1695,-0.2,19,,,,,,,,,,,,
,,,,,,,SOLO,1788647889098,Sat Sep 05 2026 22:38:09 GMT+0000 (UTC),0,,sighter,4,145.3,98.3,511.3,19.4,
,,,,,,,SOLO,1788647963256,Sat Sep 05 2026 22:39:23 GMT+0000 (UTC),0,,sighter,5,-52.5,109.7,512.9,19.5,
,,,,,,,SOLO,1788648026697,Sat Sep 05 2026 22:40:26 GMT+0000 (UTC),0,,,6,51.9,-23.8,507.4,18.5,
,,,,,,,SOLO,1788648051591,Sat Sep 05 2026 22:40:51 GMT+0000 (UTC),0,,,5,112.8,41.6,512.4,19.6,
,,,,,,,SOLO,1788648084134,Sat Sep 05 2026 22:41:24 GMT+0000 (UTC),0,,,6,35.6,-44.1,508,19.6,
,,,,,,,SOLO,1788648117663,Sat Sep 05 2026 22:41:57 GMT+0000 (UTC),0,,,6,-63.1,-1.4,506.7,19.7,
,,,,,,,SOLO,1788648140344,Sat Sep 05 2026 22:42:20 GMT+0000 (UTC),0,,,X,-16.3,21.2,514.1,19.8,
,,,,,,,SOLO,1788648163740,Sat Sep 05 2026 22:42:43 GMT+0000 (UTC),0,,,X,6.8,2.2,506.7,19.6,
,,,,,,,SOLO,1788648193173,Sat Sep 05 2026 22:43:13 GMT+0000 (UTC),0,,,4,-176.9,-33.4,510.1,19.7,
,,,,,,,SOLO,1788648227071,Sat Sep 05 2026 22:43:47 GMT+0000 (UTC),0,,,6,21.8,55,508,20.7,
,,,,,,,SOLO,1788648253531,Sat Sep 05 2026 22:44:13 GMT+0000 (UTC),0,,,5,131.2,-65.4,507.1,19.9,
,,,,,,,SOLO,1788648325112,Sat Sep 05 2026 22:45:25 GMT+0000 (UTC),0,,,X,25.3,-15.8,506,18.2,
### next string,,,,,,,,,,,,,,,,,,
Kieran Styles ,Lockhart 4,AU-700y,2300,1695,-12.5,23.8,,,,,,,,,,,,
,,,,,,,SOLO,1788648334555,Sat Sep 05 2026 22:45:34 GMT+0000 (UTC),0,,sighter,4,214.4,-39,485.4,19.7,
,,,,,,,SOLO,1788648368637,Sat Sep 05 2026 22:46:08 GMT+0000 (UTC),0,,sighter,5,-88.2,2.5,490.1,19.6,
,,,,,,,SOLO,1788648383532,Sat Sep 05 2026 22:46:23 GMT+0000 (UTC),0,,,5,-68.7,-64.2,493.9,19.8,
,,,,,,,SOLO,1788648394637,Sat Sep 05 2026 22:46:34 GMT+0000 (UTC),0,,,X,12.2,1.6,492.7,20.1,
,,,,,,,SOLO,1788648400189,Sat Sep 05 2026 22:46:40 GMT+0000 (UTC),0,,,5,-56.7,-63.2,491.8,19.3,
,,,,,,,SOLO,1788648409566,Sat Sep 05 2026 22:46:49 GMT+0000 (UTC),0,,,5,-82.5,75.9,494.8,19.6,
,,,,,,,SOLO,1788648445393,Sat Sep 05 2026 22:47:25 GMT+0000 (UTC),0,,,X,-21.3,9.9,490.2,21.6,
,,,,,,,SOLO,1788648453604,Sat Sep 05 2026 22:47:33 GMT+0000 (UTC),0,,,6,-53.1,-60.1,485,19.8,
,,,,,,,SOLO,1788648462333,Sat Sep 05 2026 22:47:42 GMT+0000 (UTC),0,,,5,-89.7,-92.3,502.6,19.7,
,,,,,,,SOLO,1788648469791,Sat Sep 05 2026 22:47:49 GMT+0000 (UTC),0,,,5,130.6,-33.6,488.9,20.8,
,,,,,,,SOLO,1788648480158,Sat Sep 05 2026 22:48:00 GMT+0000 (UTC),0,,,5,78.1,41.4,497.7,20.9,
,,,,,,,SOLO,1788648488711,Sat Sep 05 2026 22:48:08 GMT+0000 (UTC),0,,,5,126.1,-1.1,496.6,19.4,
### next string,,,,,,,,,,,,,,,,,,
Norm jamiesion,Lockhart 3,AU-700y,2300,1695,18.1,4,,,,,,,,,,,,
,,,,,,,SOLO,1788648478349,Sat Sep 05 2026 22:47:58 GMT+0000 (UTC),0,,sighter,4,53.1,-203.2,495,17.2,
,,,,,,,SOLO,1788648525015,Sat Sep 05 2026 22:48:45 GMT+0000 (UTC),0,,,6,-7.9,51,505.2,17.2,
,,,,,,,SOLO,1788648540827,Sat Sep 05 2026 22:49:00 GMT+0000 (UTC),0,,,5,95,-3.2,494.7,17.1,
,,,,,,,SOLO,1788648563975,Sat Sep 05 2026 22:49:23 GMT+0000 (UTC),0,,,6,-71,39.5,512,16.8,
,,,,,,,SOLO,1788648578142,Sat Sep 05 2026 22:49:38 GMT+0000 (UTC),0,,,6,69.1,39.5,497.9,16.9,
,,,,,,,SOLO,1788648598191,Sat Sep 05 2026 22:49:58 GMT+0000 (UTC),0,,,X,-31.6,25.2,505.9,16.9,
,,,,,,,SOLO,1788648609251,Sat Sep 05 2026 22:50:09 GMT+0000 (UTC),0,,,6,-36.7,-28.9,507.4,16.7,
,,,,,,,SOLO,1788648621487,Sat Sep 05 2026 22:50:21 GMT+0000 (UTC),0,,,X,-40.4,-8.5,499.1,16.8,
,,,,,,,SOLO,1788648631043,Sat Sep 05 2026 22:50:31 GMT+0000 (UTC),0,,,6,-26.9,-40.9,500.1,16.9,
,,,,,,,SOLO,1788648641127,Sat Sep 05 2026 22:50:41 GMT+0000 (UTC),0,,,X,16.4,1.4,492.9,16.9,
,,,,,,,SOLO,1788648650913,Sat Sep 05 2026 22:50:50 GMT+0000 (UTC),0,,,6,38.4,31.9,502.2,16.6,
### next string,,,,,,,,,,,,,,,,,,
Scott Brindley,Lockhart 4,AU-700y,2300,1695,-12.5,23.8
,,,,,,,SOLO,1788650520855,Sat Sep 05 2026 23:22:00 GMT+0000 (UTC),0,,sighter,3,-42.8,-384.4,484.8,21.5,
,,,,,,,SOLO,1788650629777,Sat Sep 05 2026 23:23:49 GMT+0000 (UTC),0,,,V,-53.1,-2.8,494.2,21.9,
,,,,,,,SOLO,1788650688773,Sat Sep 05 2026 23:24:48 GMT+0000 (UTC),0,,,V,-10.6,81.9,494.5,21.1,
,,,,,,,SOLO,1788650742816,Sat Sep 05 2026 23:25:42 GMT+0000 (UTC),0,,,4,-187.6,96.4,500.8,21.5,
,,,,,,,SOLO,1788650992979,Sat Sep 05 2026 23:29:52 GMT+0000 (UTC),0,,,V,-62.6,22.3,490.4,22.3,
,,,,,,,SOLO,1788651095632,Sat Sep 05 2026 23:31:35 GMT+0000 (UTC),0,,,V,-15.1,-1,491.7,21.7,
,,,,,,,SOLO,1788651123193,Sat Sep 05 2026 23:32:03 GMT+0000 (UTC),0,,,V,43.6,12.1,496.5,22.4,
,,,,,,,SOLO,1788651148475,Sat Sep 05 2026 23:32:28 GMT+0000 (UTC),0,,,V,-4,51,495.6,21.6,
,,,,,,,SOLO,1788651188698,Sat Sep 05 2026 23:33:08 GMT+0000 (UTC),0,,,5,47.8,-95.2,489.4,22.6,
,,,,,,,SOLO,1788651231338,Sat Sep 05 2026 23:33:51 GMT+0000 (UTC),0,,,V,-0.9,24.4,492.1,22.6,
,,,,,,,SOLO,1788651265900,Sat Sep 05 2026 23:34:25 GMT+0000 (UTC),0,,,V,-8.8,-68.6,490.2,22.9,
### next string,,,,,,,,,,,,,,,,,,
McRae,Lockhart 2,AU-700y,2300,1695,-0.2,19,,,,,,,,,,,,
,,,,,,,SOLO,1788648561133,Sat Sep 05 2026 22:49:21 GMT+0000 (UTC),0,,sighter,4,2,296.3,523.5,20.4,
,,,,,,,SOLO,1788648596874,Sat Sep 05 2026 22:49:56 GMT+0000 (UTC),0,,,X,8.8,-22.1,523.2,19.7,
,,,,,,,SOLO,1788648617384,Sat Sep 05 2026 22:50:17 GMT+0000 (UTC),0,,,5,-86.7,44.4,519.6,19.8,
,,,,,,,SOLO,1788648653679,Sat Sep 05 2026 22:50:53 GMT+0000 (UTC),0,,,4,204.4,-14.3,523.1,19.5,
,,,,,,,SOLO,1788648744920,Sat Sep 05 2026 22:52:24 GMT+0000 (UTC),0,,,5,-115.2,-50.1,528.6,19.4,
,,,,,,,SOLO,1788648791387,Sat Sep 05 2026 22:53:11 GMT+0000 (UTC),0,,,5,-132.1,-61.5,533.7,19.5,
,,,,,,,SOLO,1788648873456,Sat Sep 05 2026 22:54:33 GMT+0000 (UTC),0,,,X,30.3,-12.2,525.9,19.8,
,,,,,,,SOLO,1788648897855,Sat Sep 05 2026 22:54:57 GMT+0000 (UTC),0,,,6,51.3,-40.4,536.5,20.1,
,,,,,,,SOLO,1788648920526,Sat Sep 05 2026 22:55:20 GMT+0000 (UTC),0,,,5,87.3,-82.4,520.8,20.1,
,,,,,,,SOLO,1788649007785,Sat Sep 05 2026 22:56:47 GMT+0000 (UTC),0,,,5,115.6,-24.7,530.2,20.3,
,,,,,,,SOLO,1788649036159,Sat Sep 05 2026 22:57:16 GMT+0000 (UTC),0,,,X,-35.6,-10.4,525.2,20.6,
### next string,,,,,,,,,,,,,,,,,,
D Dupree,Lockhart 1,AU-700y,2300,1695,25.6,15.6,,,,,,,,,,,,
,,,,,,,SOLO,1788648337081,Sat Sep 05 2026 22:45:37 GMT+0000 (UTC),0,,sighter,4,-56.3,225.4,523.5,20.2,
,,,,,,,SOLO,1788648502842,Sat Sep 05 2026 22:48:22 GMT+0000 (UTC),0,,sighter,4,179.3,44.6,518.7,20.1,
,,,,,,,SOLO,1788648545859,Sat Sep 05 2026 22:49:05 GMT+0000 (UTC),0,,,5,-51.4,-93.7,524.1,19.9,
,,,,,,,SOLO,1788648585803,Sat Sep 05 2026 22:49:45 GMT+0000 (UTC),0,,,6,-64.2,44.1,522.9,20.2,
,,,,,,,SOLO,1788648615175,Sat Sep 05 2026 22:50:15 GMT+0000 (UTC),0,,,6,-8.5,-68.6,527.6,19.9,
,,,,,,,SOLO,1788648641564,Sat Sep 05 2026 22:50:41 GMT+0000 (UTC),0,,,5,140.9,67.2,525.7,19.7,
,,,,,,,SOLO,1788648822174,Sat Sep 05 2026 22:53:42 GMT+0000 (UTC),0,,,5,117.8,105.5,521,19.8,
,,,,,,,SOLO,1788648843228,Sat Sep 05 2026 22:54:03 GMT+0000 (UTC),0,,,5,-55.2,130.2,522,19.9,
,,,,,,,SOLO,1788648899942,Sat Sep 05 2026 22:54:59 GMT+0000 (UTC),0,,,5,-109.4,93.6,537.4,20,
,,,,,,,SOLO,1788648918949,Sat Sep 05 2026 22:55:18 GMT+0000 (UTC),0,,,5,84,13.5,524.2,20.1,
,,,,,,,SOLO,1788649031905,Sat Sep 05 2026 22:57:11 GMT+0000 (UTC),0,,,4,-148.3,-74.2,524.7,20.4,
,,,,,,,SOLO,1788649097445,Sat Sep 05 2026 22:58:17 GMT+0000 (UTC),0,,,5,116.5,-24.6,524.5,21.1,
### next string,,,,,,,,,,,,,,,,,,
Rowlands ,Lockhart 4,AU-700y,2300,1695,-12.5,23.8,,,,,,,,,,,,
,,,,,,,SOLO,1788648861092,Sat Sep 05 2026 22:54:21 GMT+0000 (UTC),0,,sighter,3,22.1,-350.9,492.2,19.3,
,,,,,,,SOLO,1788648921421,Sat Sep 05 2026 22:55:21 GMT+0000 (UTC),0,,,X,-22.9,-5.8,496.5,19.4,
,,,,,,,SOLO,1788648977519,Sat Sep 05 2026 22:56:17 GMT+0000 (UTC),0,,,X,21.5,16.7,495.1,19.6,
,,,,,,,SOLO,1788648998198,Sat Sep 05 2026 22:56:38 GMT+0000 (UTC),0,,,6,66.1,-49,491.2,19.7,
,,,,,,,SOLO,1788649037253,Sat Sep 05 2026 22:57:17 GMT+0000 (UTC),0,,,5,147.2,33.1,498.3,19.8,
,,,,,,,SOLO,1788649098012,Sat Sep 05 2026 22:58:18 GMT+0000 (UTC),0,,,6,-47.4,68.4,493.1,20.1,
,,,,,,,SOLO,1788649135974,Sat Sep 05 2026 22:58:55 GMT+0000 (UTC),0,,,5,98.9,-12.2,498.9,20,
,,,,,,,SOLO,1788649168598,Sat Sep 05 2026 22:59:28 GMT+0000 (UTC),0,,,6,75.3,3.3,496.5,20.1,
,,,,,,,SOLO,1788649189757,Sat Sep 05 2026 22:59:49 GMT+0000 (UTC),0,,,6,-0.5,-44.3,490.1,20.2,
,,,,,,,SOLO,1788649216478,Sat Sep 05 2026 23:00:16 GMT+0000 (UTC),0,,,6,-1.7,-63.5,491.2,20.2,
,,,,,,,SOLO,1788649242421,Sat Sep 05 2026 23:00:42 GMT+0000 (UTC),0,,,6,-53.6,-4.3,498.3,20.4,
### next string,,,,,,,,,,,,,,,,,,
Alex toth,Lockhart 3,AU-700y,2300,1695,18.1,4,,,,,,,,,,,,
,,,,,,,SOLO,1788648883483,Sat Sep 05 2026 22:54:43 GMT+0000 (UTC),0,,sighter,4,121.7,-182.8,455,17.1,
,,,,,,,SOLO,1788648927793,Sat Sep 05 2026 22:55:27 GMT+0000 (UTC),0,,,5,-60.2,-106.5,450.5,17.3,
,,,,,,,SOLO,1788648966125,Sat Sep 05 2026 22:56:06 GMT+0000 (UTC),0,,,5,56.6,-81.3,453.3,17.3,
,,,,,,,SOLO,1788649006533,Sat Sep 05 2026 22:56:46 GMT+0000 (UTC),0,,,5,-82,-20.6,451,17.6,
,,,,,,,SOLO,1788649050024,Sat Sep 05 2026 22:57:30 GMT+0000 (UTC),0,,,V,-18.8,-40.8,448.2,17.8,
,,,,,,,SOLO,1788649103257,Sat Sep 05 2026 22:58:23 GMT+0000 (UTC),0,,,V,-12.8,-23.2,453.3,17.9,
,,,,,,,SOLO,1788649158711,Sat Sep 05 2026 22:59:18 GMT+0000 (UTC),0,,,V,31.6,-12.7,443.7,18.2,
,,,,,,,SOLO,1788649199890,Sat Sep 05 2026 22:59:59 GMT+0000 (UTC),0,,,4,164.5,35.4,473.5,17.9,
,,,,,,,SOLO,1788649256100,Sat Sep 05 2026 23:00:56 GMT+0000 (UTC),0,,,5,-81.4,-51.3,446.5,18.3,
,,,,,,,SOLO,1788649313656,Sat Sep 05 2026 23:01:53 GMT+0000 (UTC),0,,,V,-76.4,34.5,458.1,18.5,
,,,,,,,SOLO,1788649358871,Sat Sep 05 2026 23:02:38 GMT+0000 (UTC),0,,,4,157.2,49.5,453.5,18.3,
### next string,,,,,,,,,,,,,,,,,,
G Crowe,Lockhart 2,AU-700y,2300,1695,-0.2,19,,,,,,,,,,,,
,,,,,,,SOLO,1788649189203,Sat Sep 05 2026 22:59:49 GMT+0000 (UTC),0,,sighter,2,-559.7,-347.1,493,20.9,
,,,,,,,SOLO,1788649223549,Sat Sep 05 2026 23:00:23 GMT+0000 (UTC),0,,,5,-41.7,121.8,492.9,20.7,
,,,,,,,SOLO,1788649251527,Sat Sep 05 2026 23:00:51 GMT+0000 (UTC),0,,,4,-231.1,-160.1,485.8,21.1,
,,,,,,,SOLO,1788649278243,Sat Sep 05 2026 23:01:18 GMT+0000 (UTC),0,,,5,104.5,-35.6,475.2,21.1,
,,,,,,,SOLO,1788649304072,Sat Sep 05 2026 23:01:44 GMT+0000 (UTC),0,,,3,-192.6,-276,489.1,21.3,
,,,,,,,SOLO,1788649332642,Sat Sep 05 2026 23:02:12 GMT+0000 (UTC),0,,,V,7.6,-23.2,499.8,21.4,
,,,,,,,SOLO,1788649355614,Sat Sep 05 2026 23:02:35 GMT+0000 (UTC),0,,,5,99.8,-78.6,508,21.4,
,,,,,,,SOLO,1788649383821,Sat Sep 05 2026 23:03:03 GMT+0000 (UTC),0,,,4,207.9,-53.5,480.9,21.2,
,,,,,,,SOLO,1788649408630,Sat Sep 05 2026 23:03:28 GMT+0000 (UTC),0,,,5,-111.7,-20.6,479.3,21.4,
,,,,,,,SOLO,1788649435365,Sat Sep 05 2026 23:03:55 GMT+0000 (UTC),0,,,V,8.1,-49.8,494.4,21.4,
,,,,,,,SOLO,1788649455725,Sat Sep 05 2026 23:04:15 GMT+0000 (UTC),0,,,4,-152.4,-260.4,475.8,21.6,
### next string,,,,,,,,,,,,,,,,,,
Cowell,Lockhart 1,AU-700y,2300,1695,25.6,15.6,,,,,,,,,,,,
,,,,,,,SOLO,1788649185689,Sat Sep 05 2026 22:59:45 GMT+0000 (UTC),0,,sighter,5,-80.8,-98.3,515.1,21,
,,,,,,,SOLO,1788649217931,Sat Sep 05 2026 23:00:17 GMT+0000 (UTC),0,,sighter,5,51.7,-99.5,522.9,21,
,,,,,,,SOLO,1788649247395,Sat Sep 05 2026 23:00:47 GMT+0000 (UTC),0,,,5,57.9,-65.8,520.7,21,
,,,,,,,SOLO,1788649280216,Sat Sep 05 2026 23:01:20 GMT+0000 (UTC),0,,,5,-102.7,17.6,521.8,21.3,
,,,,,,,SOLO,1788649308207,Sat Sep 05 2026 23:01:48 GMT+0000 (UTC),0,,,5,31.7,114.7,525.7,21.5,
,,,,,,,SOLO,1788649337369,Sat Sep 05 2026 23:02:17 GMT+0000 (UTC),0,,,4,145.4,-172.8,518.8,21.4,
,,,,,,,SOLO,1788649374191,Sat Sep 05 2026 23:02:54 GMT+0000 (UTC),0,,,5,106.3,61,536.1,21.6,
,,,,,,,SOLO,1788649402780,Sat Sep 05 2026 23:03:22 GMT+0000 (UTC),0,,,4,-46.3,169.4,528.9,21.7,
,,,,,,,SOLO,1788649432181,Sat Sep 05 2026 23:03:52 GMT+0000 (UTC),0,,,5,-89.3,-126.1,516.1,21.8,
,,,,,,,SOLO,1788649463323,Sat Sep 05 2026 23:04:23 GMT+0000 (UTC),0,,,5,-124,-31.4,515.2,21.6,
,,,,,,,SOLO,1788649490377,Sat Sep 05 2026 23:04:50 GMT+0000 (UTC),0,,,5,152.5,28.8,517.6,21.8,
,,,,,,,SOLO,1788649518997,Sat Sep 05 2026 23:05:18 GMT+0000 (UTC),0,,,5,-84.7,74.2,523.2,21.8,
### next string,,,,,,,,,,,,,,,,,,
T tugell,Lockhart 3,AU-700y,2300,1695,18.1,4,,,,,,,,,,,,
,,,,,,,SOLO,1788649501215,Sat Sep 05 2026 23:05:01 GMT+0000 (UTC),0,,sighter,4,97.1,191.4,510.8,18.6,
,,,,,,,SOLO,1788649538627,Sat Sep 05 2026 23:05:38 GMT+0000 (UTC),0,,,6,-60.5,31.4,514.4,18.6,
,,,,,,,SOLO,1788649578235,Sat Sep 05 2026 23:06:18 GMT+0000 (UTC),0,,,5,-66.3,78,514.3,18.6,
,,,,,,,SOLO,1788649619689,Sat Sep 05 2026 23:06:59 GMT+0000 (UTC),0,,,5,-111.1,11.1,512.4,18.8,
,,,,,,,SOLO,1788649648483,Sat Sep 05 2026 23:07:28 GMT+0000 (UTC),0,,,X,-12.3,36.8,512.5,19,
,,,,,,,SOLO,1788649686278,Sat Sep 05 2026 23:08:06 GMT+0000 (UTC),0,,,6,-16.8,55,504.5,18.9,
,,,,,,,SOLO,1788649711642,Sat Sep 05 2026 23:08:31 GMT+0000 (UTC),0,,,5,-70,-96.3,508.7,18.9,
,,,,,,,SOLO,1788649778591,Sat Sep 05 2026 23:09:38 GMT+0000 (UTC),0,,,6,54,-27.7,511,19.1,
,,,,,,,SOLO,1788649829327,Sat Sep 05 2026 23:10:29 GMT+0000 (UTC),0,,,5,82.6,-126.3,506.7,19.1,
,,,,,,,SOLO,1788649847255,Sat Sep 05 2026 23:10:47 GMT+0000 (UTC),0,,,5,-14.1,-115.3,504.7,18.8,
,,,,,,,SOLO,1788649863329,Sat Sep 05 2026 23:11:03 GMT+0000 (UTC),0,,,5,34.5,-117.8,498.5,18.9,
### next string,,,,,,,,,,,,,,,,,,
G Crowe 700,Lockhart 2,AU-700y,2300,1695,-0.2,19,,,,,,,,,,,,
,,,,,,,SOLO,1788649649353,Sat Sep 05 2026 23:07:29 GMT+0000 (UTC),0,,sighter,6,76.7,-16.2,505.3,21.8,
,,,,,,,SOLO,1788649678955,Sat Sep 05 2026 23:07:58 GMT+0000 (UTC),0,,sighter,5,-28.1,145.5,525.9,21.8,
,,,,,,,SOLO,1788649715308,Sat Sep 05 2026 23:08:35 GMT+0000 (UTC),0,,,5,-88.8,-27.2,517.9,21.6,
,,,,,,,SOLO,1788649838348,Sat Sep 05 2026 23:10:38 GMT+0000 (UTC),0,,,5,105.8,-94.7,517.8,21.9,
,,,,,,,SOLO,1788649883111,Sat Sep 05 2026 23:11:23 GMT+0000 (UTC),0,,,6,40.4,-27.1,519.6,21.9,
,,,,,,,SOLO,1788649895134,Sat Sep 05 2026 23:11:35 GMT+0000 (UTC),0,,,6,30.8,-44.1,515.3,21.9,
,,,,,,,SOLO,1788649909429,Sat Sep 05 2026 23:11:49 GMT+0000 (UTC),0,,,X,-9.9,-28.3,520.2,21.8,
,,,,,,,SOLO,1788649928510,Sat Sep 05 2026 23:12:08 GMT+0000 (UTC),0,,,6,56.9,-17.7,521.9,22,
,,,,,,,SOLO,1788649937792,Sat Sep 05 2026 23:12:17 GMT+0000 (UTC),0,,,5,-1.8,-127,517.6,21.8,
,,,,,,,SOLO,1788649971749,Sat Sep 05 2026 23:12:51 GMT+0000 (UTC),0,,,X,-3.2,-20.3,526.4,21.6,
,,,,,,,SOLO,1788649997345,Sat Sep 05 2026 23:13:17 GMT+0000 (UTC),0,,,X,0.6,4.4,524.6,21.3,
,,,,,,,SOLO,1788650037462,Sat Sep 05 2026 23:13:57 GMT+0000 (UTC),0,,,5,109.8,-98.2,533.2,22,
### next string,,,,,,,,,,,,,,,,,,
Chris Halloran,Lockhart 1,AU-700y,2300,1695,25.6,15.6,,,,,,,,,,,,
,,,,,,,SOLO,1788649654423,Sat Sep 05 2026 23:07:34 GMT+0000 (UTC),0,,sighter,4,-104.6,-310.6,507.1,22.3,
,,,,,,,SOLO,1788649701289,Sat Sep 05 2026 23:08:21 GMT+0000 (UTC),0,,,5,157.9,-32.7,534.3,22.2,
,,,,,,,SOLO,1788649783740,Sat Sep 05 2026 23:09:43 GMT+0000 (UTC),0,,,3,-342.4,-223.4,509,21.9,
,,,,,,,SOLO,1788649860495,Sat Sep 05 2026 23:11:00 GMT+0000 (UTC),0,,,4,163.3,42.5,524.7,21.6,
,,,,,,,SOLO,1788649889290,Sat Sep 05 2026 23:11:29 GMT+0000 (UTC),0,,,5,-95.6,-16,528.8,21.9,
,,,,,,,SOLO,1788649932446,Sat Sep 05 2026 23:12:12 GMT+0000 (UTC),0,,,4,-155.9,52.8,544.3,21.5,
,,,,,,,SOLO,1788649963028,Sat Sep 05 2026 23:12:43 GMT+0000 (UTC),0,,,5,-41.4,73.5,540.3,21.8,
,,,,,,,SOLO,1788649991947,Sat Sep 05 2026 23:13:11 GMT+0000 (UTC),0,,,5,-108.5,-41.1,544.2,21.9,
,,,,,,,SOLO,1788650034572,Sat Sep 05 2026 23:13:54 GMT+0000 (UTC),0,,,3,291.3,-174.5,532.7,22,
,,,,,,,SOLO,1788650091273,Sat Sep 05 2026 23:14:51 GMT+0000 (UTC),0,,,4,-216,79.9,536.5,22,
,,,,,,,SOLO,1788650127612,Sat Sep 05 2026 23:15:27 GMT+0000 (UTC),0,,,3,390.1,13.8,527.7,22.1,
### next string,,,,,,,,,,,,,,,,,,
C may,Lockhart 4,AU-700y,2300,1695,-12.5,23.8,,,,,,,,,,,,
,,,,,,,SOLO,1788649838017,Sat Sep 05 2026 23:10:38 GMT+0000 (UTC),0,,sighter,1,-516.2,470.4,517.4,20.7,
,,,,,,,SOLO,1788649891132,Sat Sep 05 2026 23:11:31 GMT+0000 (UTC),0,,sighter,4,181.3,-105.6,516.7,20.9,
,,,,,,,SOLO,1788649927885,Sat Sep 05 2026 23:12:07 GMT+0000 (UTC),0,,,5,-132.8,-73.9,516.5,21.1,
,,,,,,,SOLO,1788649959334,Sat Sep 05 2026 23:12:39 GMT+0000 (UTC),0,,,5,104.9,-32.9,516.7,21.2,
,,,,,,,SOLO,1788649989196,Sat Sep 05 2026 23:13:09 GMT+0000 (UTC),0,,,4,60.1,-170.6,508.8,20.9,
,,,,,,,SOLO,1788650013916,Sat Sep 05 2026 23:13:33 GMT+0000 (UTC),0,,,5,120,-71.3,511.9,20.4,
,,,,,,,SOLO,1788650043279,Sat Sep 05 2026 23:14:03 GMT+0000 (UTC),0,,,4,237,-28.5,512.2,20.9,
,,,,,,,SOLO,1788650081433,Sat Sep 05 2026 23:14:41 GMT+0000 (UTC),0,,,5,-76.7,81.2,513.7,20.9,
,,,,,,,SOLO,1788650098191,Sat Sep 05 2026 23:14:58 GMT+0000 (UTC),0,,,6,-6.5,82.4,517.6,21,
,,,,,,,SOLO,1788650115786,Sat Sep 05 2026 23:15:15 GMT+0000 (UTC),0,,,4,187.3,32.1,517.9,20.9,
,,,,,,,SOLO,1788650139609,Sat Sep 05 2026 23:15:39 GMT+0000 (UTC),0,,,6,-36.3,39.8,514.6,20.6,
,,,,,,,SOLO,1788650156208,Sat Sep 05 2026 23:15:56 GMT+0000 (UTC),0,,,X,17.5,24.8,516.3,20.8,
### next string,,,,,,,,,,,,,,,,,,
Paul Golden,Lockhart 1,AU-700y,2300,1695,25.6,15.6,,,,,,,,,,,,
,,,,,,,SOLO,1788650477608,Sat Sep 05 2026 23:21:17 GMT+0000 (UTC),0,,sighter,X,-26.1,16.6,512.6,21.3,
,,,,,,,SOLO,1788650534865,Sat Sep 05 2026 23:22:14 GMT+0000 (UTC),0,,sighter,5,161.8,-20.2,543.6,22.5,
,,,,,,,SOLO,1788650561276,Sat Sep 05 2026 23:22:41 GMT+0000 (UTC),0,,,6,26.6,-49.7,520.2,22.6,
,,,,,,,SOLO,1788650576415,Sat Sep 05 2026 23:22:56 GMT+0000 (UTC),0,,,X,-4.9,28.8,526.9,22.7,
,,,,,,,SOLO,1788650617141,Sat Sep 05 2026 23:23:37 GMT+0000 (UTC),0,,,6,-63,44.7,514.9,22.8,
,,,,,,,SOLO,1788650652348,Sat Sep 05 2026 23:24:12 GMT+0000 (UTC),0,,,6,29.1,-47,510.7,22.9,
,,,,,,,SOLO,1788650694923,Sat Sep 05 2026 23:24:54 GMT+0000 (UTC),0,,,5,-103.8,-4.3,504.1,22.9,
,,,,,,,SOLO,1788650734277,Sat Sep 05 2026 23:25:34 GMT+0000 (UTC),0,,,5,-85.1,4.9,507.2,22.7,
,,,,,,,SOLO,1788650799936,Sat Sep 05 2026 23:26:39 GMT+0000 (UTC),0,,,4,-297.4,65.9,507.7,22.1,
,,,,,,,SOLO,1788650838922,Sat Sep 05 2026 23:27:18 GMT+0000 (UTC),0,,,5,-77.1,-49.3,507.8,22.8,
,,,,,,,SOLO,1788650860476,Sat Sep 05 2026 23:27:40 GMT+0000 (UTC),0,,,X,19.4,-21.3,510.7,22.5,
,,,,,,,SOLO,1788650875091,Sat Sep 05 2026 23:27:55 GMT+0000 (UTC),0,,,X,33,-1,509.1,22.6,
### next string,,,,,,,,,,,,,,,,,,
M Shepherd,Lockhart 2,AU-700y,2300,1695,-0.2,19,,,,,,,,,,,,
,,,,,,,SOLO,1788650334036,Sat Sep 05 2026 23:18:54 GMT+0000 (UTC),0,,sighter,3,-345,58.4,516.4,22.3,
,,,,,,,SOLO,1788650396533,Sat Sep 05 2026 23:19:56 GMT+0000 (UTC),0,,sighter,4,-239.6,18.7,521.3,22.4,
,,,,,,,SOLO,1788650449843,Sat Sep 05 2026 23:20:49 GMT+0000 (UTC),0,,,V,-16.7,-29.4,530.3,22.4,
,,,,,,,SOLO,1788650479494,Sat Sep 05 2026 23:21:19 GMT+0000 (UTC),0,,,V,-64.3,-30.2,535.7,22.5,
,,,,,,,SOLO,1788650681259,Sat Sep 05 2026 23:24:41 GMT+0000 (UTC),0,,,V,-36.4,-34.6,524.5,22.7,
,,,,,,,SOLO,1788650766909,Sat Sep 05 2026 23:26:06 GMT+0000 (UTC),0,,,5,-105.7,-25.5,526.5,22.3,
,,,,,,,SOLO,1788650810302,Sat Sep 05 2026 23:26:50 GMT+0000 (UTC),0,,,5,-103.7,9.5,520.2,22,
,,,,,,,SOLO,1788650854148,Sat Sep 05 2026 23:27:34 GMT+0000 (UTC),0,,,5,-109.3,-31.4,511,22.4,
,,,,,,,SOLO,1788650968323,Sat Sep 05 2026 23:29:28 GMT+0000 (UTC),0,,,4,-218.7,49.6,521.1,22.6,
,,,,,,,SOLO,1788651013389,Sat Sep 05 2026 23:30:13 GMT+0000 (UTC),0,,,V,-9.8,-43.8,521.1,22.5,
,,,,,,,SOLO,1788651038295,Sat Sep 05 2026 23:30:38 GMT+0000 (UTC),0,,,5,-88.9,10,519.8,22.4,
,,,,,,,SOLO,1788651061542,Sat Sep 05 2026 23:31:01 GMT+0000 (UTC),0,,,V,11.9,20.6,521.4,22.8,
### next string,,,,,,,,,,,,,,,,,,
Sam Daniel 27,Lockhart 3,AU-700y,2300,1695,18.1,4,,,,,,,,,,,,
,,,,,,,SOLO,1788650337153,Sat Sep 05 2026 23:18:57 GMT+0000 (UTC),0,,sighter,V,-17.5,-60.1,498.8,19.9,
,,,,,,,SOLO,1788650375227,Sat Sep 05 2026 23:19:35 GMT+0000 (UTC),0,,sighter,4,-184.8,-177.1,494.6,19.9,
,,,,,,,SOLO,1788650541729,Sat Sep 05 2026 23:22:21 GMT+0000 (UTC),0,,,5,-114.5,-115.5,495.4,20,
,,,,,,,SOLO,1788650591630,Sat Sep 05 2026 23:23:11 GMT+0000 (UTC),0,,,V,27.6,15.4,490.7,20,
,,,,,,,SOLO,1788650650467,Sat Sep 05 2026 23:24:10 GMT+0000 (UTC),0,,,5,-90.9,46.9,486.5,20.3,
,,,,,,,SOLO,1788651110829,Sat Sep 05 2026 23:31:50 GMT+0000 (UTC),0,,,4,-205.9,-186.3,484.2,20.7,
,,,,,,,SOLO,1788651160585,Sat Sep 05 2026 23:32:40 GMT+0000 (UTC),0,,,5,-79.1,-96.2,488.5,21.1,
,,,,,,,SOLO,1788651190611,Sat Sep 05 2026 23:33:10 GMT+0000 (UTC),0,,,V,-75.2,-34.8,492,20.7,
,,,,,,,SOLO,1788651230271,Sat Sep 05 2026 23:33:50 GMT+0000 (UTC),0,,,V,-20.8,-24.8,495,21.1,
,,,,,,,SOLO,1788651259155,Sat Sep 05 2026 23:34:19 GMT+0000 (UTC),0,,,4,157.4,-168.5,490.1,21.2,
,,,,,,,SOLO,1788651352585,Sat Sep 05 2026 23:35:52 GMT+0000 (UTC),0,,,5,89,-112.3,482.6,21.5,
,,,,,,,SOLO,1788651386741,Sat Sep 05 2026 23:36:26 GMT+0000 (UTC),0,,,5,31.4,-92.3,487.6,21.5,
### next string,,,,,,,,,,,,,,,,,,
S Williams,Lockhart 2,AU-700y,2300,1695,-0.2,19,,,,,,,,,,,,
,,,,,,,SOLO,1788651157025,Sat Sep 05 2026 23:32:37 GMT+0000 (UTC),0,,,5,-103.2,-97.4,502.1,22.5,
,,,,,,,SOLO,1788651214687,Sat Sep 05 2026 23:33:34 GMT+0000 (UTC),0,,,V,57.4,2.5,506.9,22.7,
,,,,,,,SOLO,1788651260290,Sat Sep 05 2026 23:34:20 GMT+0000 (UTC),0,,,5,-44.6,-131.9,496.7,25.9,
,,,,,,,SOLO,1788651319020,Sat Sep 05 2026 23:35:19 GMT+0000 (UTC),0,,,V,23.9,4.9,507.2,22.8,
,,,,,,,SOLO,1788651364625,Sat Sep 05 2026 23:36:04 GMT+0000 (UTC),0,,,5,-141,35.1,497.6,22.7,
,,,,,,,SOLO,1788651426588,Sat Sep 05 2026 23:37:06 GMT+0000 (UTC),0,,,4,226.8,-42.8,499.1,23,
,,,,,,,SOLO,1788651487982,Sat Sep 05 2026 23:38:07 GMT+0000 (UTC),0,,,4,-190,-35.2,498.9,23,
,,,,,,,SOLO,1788651547469,Sat Sep 05 2026 23:39:07 GMT+0000 (UTC),0,,,5,-131.4,-11.1,509.7,23.3,
,,,,,,,SOLO,1788651587256,Sat Sep 05 2026 23:39:47 GMT+0000 (UTC),0,,,5,41.4,-98.1,503.1,23.4,
,,,,,,,SOLO,1788651626258,Sat Sep 05 2026 23:40:26 GMT+0000 (UTC),0,,,4,-187.1,1.7,512.5,23.6,
### next string,,,,,,,,,,,,,,,,,,
Matt N,Lockhart 4,AU-700y,2300,1695,-12.5,23.8,,,,,,,,,,,,
,,,,,,,SOLO,1788651385897,Sat Sep 05 2026 23:36:25 GMT+0000 (UTC),0,,sighter,4,16.4,-190,505.2,23.1,
,,,,,,,SOLO,1788651412109,Sat Sep 05 2026 23:36:52 GMT+0000 (UTC),0,,,V,23.1,32.4,516.6,23.1,
,,,,,,,SOLO,1788651424703,Sat Sep 05 2026 23:37:04 GMT+0000 (UTC),0,,,4,144.1,92.8,511.2,23.2,
,,,,,,,SOLO,1788651450605,Sat Sep 05 2026 23:37:30 GMT+0000 (UTC),0,,,V,17.7,31.4,510,21.7,
,,,,,,,SOLO,1788651468592,Sat Sep 05 2026 23:37:48 GMT+0000 (UTC),0,,,5,19.6,131.8,504.2,23,
,,,,,,,SOLO,1788651493143,Sat Sep 05 2026 23:38:13 GMT+0000 (UTC),0,,,V,-5.2,47.1,502.6,22.8,
,,,,,,,SOLO,1788651509702,Sat Sep 05 2026 23:38:29 GMT+0000 (UTC),0,,,5,-46.4,105.6,504.7,23.1,
,,,,,,,SOLO,1788651534940,Sat Sep 05 2026 23:38:54 GMT+0000 (UTC),0,,,V,74.7,14.5,508,23.4,
,,,,,,,SOLO,1788651546749,Sat Sep 05 2026 23:39:06 GMT+0000 (UTC),0,,,V,51.8,-41.8,510.1,23.4,
,,,,,,,SOLO,1788651568869,Sat Sep 05 2026 23:39:28 GMT+0000 (UTC),0,,,V,33.6,23.4,524,25.1,
,,,,,,,SOLO,1788651588779,Sat Sep 05 2026 23:39:48 GMT+0000 (UTC),0,,,5,19.8,99.4,518.7,23.1,
### next string,,,,,,,,,,,,,,,,,,
D Daniel,Lockhart 1,AU-700y,2300,1695,25.6,15.6,,,,,,,,,,,,
,,,,,,,SOLO,1788651094399,Sat Sep 05 2026 23:31:34 GMT+0000 (UTC),0,,sighter,2,-369.3,-449.9,504.1,22.8,
,,,,,,,SOLO,1788651180712,Sat Sep 05 2026 23:33:00 GMT+0000 (UTC),0,,,5,87.3,-96.6,509.3,22.7,
,,,,,,,SOLO,1788651267635,Sat Sep 05 2026 23:34:27 GMT+0000 (UTC),0,,,5,95.2,-72.8,506.7,22.7,
,,,,,,,SOLO,1788651331875,Sat Sep 05 2026 23:35:31 GMT+0000 (UTC),0,,,5,28.8,-88.6,503.7,23,
,,,,,,,SOLO,1788651363532,Sat Sep 05 2026 23:36:03 GMT+0000 (UTC),0,,,5,-116.1,-24.8,500.9,22.8,
,,,,,,,SOLO,1788651397188,Sat Sep 05 2026 23:36:37 GMT+0000 (UTC),0,,,5,20.4,147.8,505.2,22.6,
,,,,,,,SOLO,1788651624641,Sat Sep 05 2026 23:40:24 GMT+0000 (UTC),0,,,V,58,27.1,507.3,23.4,
,,,,,,,SOLO,1788651659927,Sat Sep 05 2026 23:40:59 GMT+0000 (UTC),0,,,4,241.2,-34.9,507.3,23.6,
,,,,,,,SOLO,1788651831746,Sat Sep 05 2026 23:43:51 GMT+0000 (UTC),0,,,V,-33.8,18.8,514.8,25.4,
,,,,,,,SOLO,1788651876281,Sat Sep 05 2026 23:44:36 GMT+0000 (UTC),0,,,4,168.8,-165.7,521.8,25.9,
,,,,,,,SOLO,1788651914043,Sat Sep 05 2026 23:45:14 GMT+0000 (UTC),0,,,5,-106.4,9.9,506.7,24,
### next string,,,,,,,,,,,,,,,,,,
L Brindley 13 800,Lockhart 3,AU-700y,2300,1695,18.1,4,,,,,,,,,,,,
,,,,,,,SOLO,1788651504485,Sat Sep 05 2026 23:38:24 GMT+0000 (UTC),0,,sighter,4,94.8,-316.8,493.3,21.6,
,,,,,,,SOLO,1788651577179,Sat Sep 05 2026 23:39:37 GMT+0000 (UTC),0,,sighter,4,42.1,-255.8,501,21.8,
,,,,,,,SOLO,1788651624745,Sat Sep 05 2026 23:40:24 GMT+0000 (UTC),0,,,5,105.9,-56.9,492.5,21.9,
,,,,,,,SOLO,1788651666267,Sat Sep 05 2026 23:41:06 GMT+0000 (UTC),0,,,5,74.6,56.8,496.8,22.3,
,,,,,,,SOLO,1788651705538,Sat Sep 05 2026 23:41:45 GMT+0000 (UTC),0,,,3,311,-155,488.7,21.9,
,,,,,,,SOLO,1788651757864,Sat Sep 05 2026 23:42:37 GMT+0000 (UTC),0,,,4,-172,-35.4,507.3,22.1,
,,,,,,,SOLO,1788651803710,Sat Sep 05 2026 23:43:23 GMT+0000 (UTC),0,,,3,-381.1,85.8,488.3,21.9,
,,,,,,,SOLO,1788651876389,Sat Sep 05 2026 23:44:36 GMT+0000 (UTC),0,,,4,225,-36.1,486.6,22.1,
,,,,,,,SOLO,1788651904533,Sat Sep 05 2026 23:45:04 GMT+0000 (UTC),0,,,V,6,49.8,490,21.8,
,,,,,,,SOLO,1788651938619,Sat Sep 05 2026 23:45:38 GMT+0000 (UTC),0,,,5,-131,-44.2,496.1,21.9,
,,,,,,,SOLO,1788651972779,Sat Sep 05 2026 23:46:12 GMT+0000 (UTC),0,,,V,27.7,-54.1,498,22,
,,,,,,,SOLO,1788652001956,Sat Sep 05 2026 23:46:41 GMT+0000 (UTC),0,,,5,86.7,-133.2,491.2,21.9,
### next string,,,,,,,,,,,,,,,,,,
Alan Dukes,Lockhart 4,AU-700y,2300,1695,-12.5,23.8,,,,,,,,,,,,
,,,,,,,SOLO,1788651787930,Sat Sep 05 2026 23:43:07 GMT+0000 (UTC),0,,sighter,4,-49.9,168.5,511,23.2,
,,,,,,,SOLO,1788651829166,Sat Sep 05 2026 23:43:49 GMT+0000 (UTC),0,,sighter,4,-201.3,-55.5,517.7,25.6,
,,,,,,,SOLO,1788651862566,Sat Sep 05 2026 23:44:22 GMT+0000 (UTC),0,,,5,-158.3,-39,534.2,23.3,
,,,,,,,SOLO,1788651879971,Sat Sep 05 2026 23:44:39 GMT+0000 (UTC),0,,,4,277,-115.4,525.9,23.2,
,,,,,,,SOLO,1788651972657,Sat Sep 05 2026 23:46:12 GMT+0000 (UTC),0,,,X,-22.7,-25,518.3,22.9,
,,,,,,,SOLO,1788651995819,Sat Sep 05 2026 23:46:35 GMT+0000 (UTC),0,,,6,56.4,-32.8,525.1,23,
,,,,,,,SOLO,1788652009133,Sat Sep 05 2026 23:46:49 GMT+0000 (UTC),0,,,6,-36.2,-72.3,518.8,22.9,
,,,,,,,SOLO,1788652024466,Sat Sep 05 2026 23:47:04 GMT+0000 (UTC),0,,,5,-133,13.7,520.2,23.4,
,,,,,,,SOLO,1788652044796,Sat Sep 05 2026 23:47:24 GMT+0000 (UTC),0,,,X,-1,-35.9,519.2,22.6,
,,,,,,,SOLO,1788652056579,Sat Sep 05 2026 23:47:36 GMT+0000 (UTC),0,,,5,118.3,-27.6,521.7,22.8,
,,,,,,,SOLO,1788652073722,Sat Sep 05 2026 23:47:53 GMT+0000 (UTC),0,,,6,-15.1,-75.8,513.2,22.9,
,,,,,,,SOLO,1788652087071,Sat Sep 05 2026 23:48:07 GMT+0000 (UTC),0,,,X,-29.5,15.2,525.1,22.6,
### next string,,,,,,,,,,,,,,,,,,
Mark Stress,Lockhart 1,AU-700y,2300,1695,25.6,15.6,,,,,,,,,,,,
,,,,,,,SOLO,1788652029203,Sat Sep 05 2026 23:47:09 GMT+0000 (UTC),0,,sighter,4,225.1,-149,512.4,24,
,,,,,,,SOLO,1788652108993,Sat Sep 05 2026 23:48:28 GMT+0000 (UTC),0,,sighter,5,-12,118.5,524.9,24.1,
,,,,,,,SOLO,1788652134227,Sat Sep 05 2026 23:48:54 GMT+0000 (UTC),0,,,5,-66.7,76.7,522.9,24.1,
,,,,,,,SOLO,1788652154747,Sat Sep 05 2026 23:49:14 GMT+0000 (UTC),0,,,4,154.6,-88.7,521.3,24,
,,,,,,,SOLO,1788652177766,Sat Sep 05 2026 23:49:37 GMT+0000 (UTC),0,,,V,-4.9,16.4,506.5,24.1,
,,,,,,,SOLO,1788652196410,Sat Sep 05 2026 23:49:56 GMT+0000 (UTC),0,,,5,110.4,-3.7,503.3,24.1,
,,,,,,,SOLO,1788652211569,Sat Sep 05 2026 23:50:11 GMT+0000 (UTC),0,,,4,-235.5,23.5,505.8,23.6,
,,,,,,,SOLO,1788652243607,Sat Sep 05 2026 23:50:43 GMT+0000 (UTC),0,,,4,161.2,-55.1,530.7,24.1,
,,,,,,,SOLO,1788652269393,Sat Sep 05 2026 23:51:09 GMT+0000 (UTC),0,,,4,-209.8,116.9,509.8,24.2,
,,,,,,,SOLO,1788652301110,Sat Sep 05 2026 23:51:41 GMT+0000 (UTC),0,,,4,177.8,207.3,512.7,24.1,
,,,,,,,SOLO,1788652330248,Sat Sep 05 2026 23:52:10 GMT+0000 (UTC),0,,,4,189.5,-90.6,503.2,23.9,
,,,,,,,SOLO,1788652348762,Sat Sep 05 2026 23:52:28 GMT+0000 (UTC),0,,,4,211.5,129,513.7,23.8,
### next string,,,,,,,,,,,,,,,,,,
Tim golden ,Lockhart 3,AU-700y,2300,1695,18.1,4,,,,,,,,,,,,
,,,,,,,SOLO,1788652184121,Sat Sep 05 2026 23:49:44 GMT+0000 (UTC),0,,sighter,3,-265.7,-232.6,507.8,21.5,
,,,,,,,SOLO,1788652245602,Sat Sep 05 2026 23:50:45 GMT+0000 (UTC),0,,sighter,3,-394.9,192.8,503.6,21.7,
,,,,,,,SOLO,1788652299626,Sat Sep 05 2026 23:51:39 GMT+0000 (UTC),0,,,5,-60.6,-133.4,476.9,21.8,
,,,,,,,SOLO,1788652329280,Sat Sep 05 2026 23:52:09 GMT+0000 (UTC),0,,,4,171,71.9,494.9,21.4,
,,,,,,,SOLO,1788652368908,Sat Sep 05 2026 23:52:48 GMT+0000 (UTC),0,,,X,-18.4,23.2,512.1,21.5,
,,,,,,,SOLO,1788652402593,Sat Sep 05 2026 23:53:22 GMT+0000 (UTC),0,,,6,-41.8,-26.3,507.7,21.6,
,,,,,,,SOLO,1788652438104,Sat Sep 05 2026 23:53:58 GMT+0000 (UTC),0,,,5,-64.4,63.2,507.8,21.6,
,,,,,,,SOLO,1788652469457,Sat Sep 05 2026 23:54:29 GMT+0000 (UTC),0,,,5,-63.4,-65.3,502.6,21.4,
,,,,,,,SOLO,1788652506872,Sat Sep 05 2026 23:55:06 GMT+0000 (UTC),0,,,5,-98.1,-30.6,509.9,21.4,
,,,,,,,SOLO,1788652541916,Sat Sep 05 2026 23:55:41 GMT+0000 (UTC),0,,,5,-136.3,67.4,520.1,21.1,
,,,,,,,SOLO,1788652595716,Sat Sep 05 2026 23:56:35 GMT+0000 (UTC),0,,,6,19.5,39.5,511.6,21.1,
,,,,,,,SOLO,1788652626387,Sat Sep 05 2026 23:57:06 GMT+0000 (UTC),0,,,4,239.6,48.6,510.9,21.3,
### next string,,,,,,,,,,,,,,,,,,
Anstee,Lockhart 3,AU-700y,2300,1695,18.1,4,,,,,,,,,,,,
,,,,,,,SOLO,1788652716365,Sat Sep 05 2026 23:58:36 GMT+0000 (UTC),0,,sighter,4,145.8,-234.5,538.4,21.3,
,,,,,,,SOLO,1788652757177,Sat Sep 05 2026 23:59:17 GMT+0000 (UTC),0,,sighter,5,97.4,-5.4,542.3,21.4,
,,,,,,,SOLO,1788652794879,Sat Sep 05 2026 23:59:54 GMT+0000 (UTC),0,,,6,50.5,52.4,545.5,21.3,
,,,,,,,SOLO,1788652814791,Sun Sep 06 2026 00:00:14 GMT+0000 (UTC),0,,,X,-13,7,546.7,21.1,
,,,,,,,SOLO,1788652825377,Sun Sep 06 2026 00:00:25 GMT+0000 (UTC),0,,,X,-17.9,1.8,546.5,21.1,
,,,,,,,SOLO,1788652832162,Sun Sep 06 2026 00:00:32 GMT+0000 (UTC),0,,,5,70.5,79.2,539,21.3,
,,,,,,,SOLO,1788652850746,Sun Sep 06 2026 00:00:50 GMT+0000 (UTC),0,,,5,-78.1,46.8,548.7,21.3,
,,,,,,,SOLO,1788652896768,Sun Sep 06 2026 00:01:36 GMT+0000 (UTC),0,,,6,35.6,-35.5,551.6,21.3,
,,,,,,,SOLO,1788652912706,Sun Sep 06 2026 00:01:52 GMT+0000 (UTC),0,,,6,-37.2,41.9,550.2,21.3,
,,,,,,,SOLO,1788652993074,Sun Sep 06 2026 00:03:13 GMT+0000 (UTC),0,,,5,22.7,83,546.8,21,
,,,,,,,SOLO,1788653005629,Sun Sep 06 2026 00:03:25 GMT+0000 (UTC),0,,,6,-63,8.4,562.1,20.9,
,,,,,,,SOLO,1788653025156,Sun Sep 06 2026 00:03:45 GMT+0000 (UTC),0,,,6,23.1,38.8,544,20.9,
### next string,,,,,,,,,,,,,,,,,,
Kerrie,Lockhart 4,AU-700y,2300,1695,-12.5,23.8,,,,,,,,,,,,
,,,,,,,SOLO,1788652217972,Sat Sep 05 2026 23:50:17 GMT+0000 (UTC),0,,sighter,2,209.8,520,513.4,22.8,
,,,,,,,SOLO,1788652306393,Sat Sep 05 2026 23:51:46 GMT+0000 (UTC),0,,,3,373.3,225.1,518.4,22.9,
,,,,,,,SOLO,1788652410093,Sat Sep 05 2026 23:53:30 GMT+0000 (UTC),0,,,4,29.6,171.7,521.3,23,
,,,,,,,SOLO,1788652459739,Sat Sep 05 2026 23:54:19 GMT+0000 (UTC),0,,,4,-254.2,-212.2,516.2,22.8,
,,,,,,,SOLO,1788652534280,Sat Sep 05 2026 23:55:34 GMT+0000 (UTC),0,,,4,180.4,-142.2,516.7,22.8,
,,,,,,,SOLO,1788652588575,Sat Sep 05 2026 23:56:28 GMT+0000 (UTC),0,,,4,103.8,-129.4,515.7,22.4,
,,,,,,,SOLO,1788652628709,Sat Sep 05 2026 23:57:08 GMT+0000 (UTC),0,,,4,226.4,120.2,512.8,22.7,
,,,,,,,SOLO,1788652681449,Sat Sep 05 2026 23:58:01 GMT+0000 (UTC),0,,,4,-213.4,157.1,504.3,23.1,
,,,,,,,SOLO,1788652735167,Sat Sep 05 2026 23:58:55 GMT+0000 (UTC),0,,,V,31.2,75.2,515.6,23.1,
,,,,,,,SOLO,1788652765160,Sat Sep 05 2026 23:59:25 GMT+0000 (UTC),0,,,5,42.8,-99.4,517,23,
,,,,,,,SOLO,1788652795134,Sat Sep 05 2026 23:59:55 GMT+0000 (UTC),0,,,5,81.6,-20.6,530,23.1,
### next string,,,,,,,,,,,,,,,,,,
Unknown,Lockhart 2,AU-700y,2300,1695,-0.2,19,,,,,,,,,,,,
,,,,,,,SOLO,1788651884310,Sat Sep 05 2026 23:44:44 GMT+0000 (UTC),0,,,6,-10,-71.2,602,23,
,,,,,,,SOLO,1788651904384,Sat Sep 05 2026 23:45:04 GMT+0000 (UTC),0,,,X,28.6,-31,625.3,22.9,
,,,,,,,SOLO,1788651938921,Sat Sep 05 2026 23:45:38 GMT+0000 (UTC),0,,,6,31.7,-51.9,586.9,22.5,
,,,,,,,SOLO,1788651958586,Sat Sep 05 2026 23:45:58 GMT+0000 (UTC),0,,,X,-9.8,-33.3,588.4,23.1,
,,,,,,,SOLO,1788651974775,Sat Sep 05 2026 23:46:14 GMT+0000 (UTC),0,,,6,24.5,66.5,591,23,
,,,,,,,SOLO,1788651993108,Sat Sep 05 2026 23:46:33 GMT+0000 (UTC),0,,,5,69.7,-90.1,581.4,23.1,
,,,,,,,SOLO,1788652015795,Sat Sep 05 2026 23:46:55 GMT+0000 (UTC),0,,,X,26.5,32.5,585.6,23.1,
,,,,,,,SOLO,1788652028663,Sat Sep 05 2026 23:47:08 GMT+0000 (UTC),0,,,X,-5.3,4.8,611.5,23,
,,,,,,,SOLO,1788652042672,Sat Sep 05 2026 23:47:22 GMT+0000 (UTC),0,,,6,41.8,37.5,601.3,23.1,
,,,,,,,SOLO,1788652057715,Sat Sep 05 2026 23:47:37 GMT+0000 (UTC),0,,,6,49.6,-0.8,584.5,22.9,
### next string,,,,,,,,,,,,,,,,,,
Cowell,Lockhart 1,AU-LR,2300,1695,25.6,15.6,,,,,,,,,,,,
,,,,,,,SOLO,1788654047858,Sun Sep 06 2026 00:20:47 GMT+0000 (UTC),0,,sighter,4,-356.4,197.2,485.3,23.4,
,,,,,,,SOLO,1788654080300,Sun Sep 06 2026 00:21:20 GMT+0000 (UTC),0,,,X,17.8,-11.1,488.1,23.6,
,,,,,,,SOLO,1788654105063,Sun Sep 06 2026 00:21:45 GMT+0000 (UTC),0,,,6,111.4,-64.8,488.7,23.5,
,,,,,,,SOLO,1788654125187,Sun Sep 06 2026 00:22:05 GMT+0000 (UTC),0,,,5,183.3,-8.6,480.9,21.6,
,,,,,,,SOLO,1788654147912,Sun Sep 06 2026 00:22:27 GMT+0000 (UTC),0,,,X,42.1,-45.7,480.8,23.7,
,,,,,,,SOLO,1788654163952,Sun Sep 06 2026 00:22:43 GMT+0000 (UTC),0,,,5,-138.5,117.8,479.4,23.6,
,,,,,,,SOLO,1788654189864,Sun Sep 06 2026 00:23:09 GMT+0000 (UTC),0,,,6,-67.5,-81,481.5,25.6,
,,,,,,,SOLO,1788654210797,Sun Sep 06 2026 00:23:30 GMT+0000 (UTC),0,,,X,-39.4,-46.9,489.9,23.9,
,,,,,,,SOLO,1788654230755,Sun Sep 06 2026 00:23:50 GMT+0000 (UTC),0,,,X,3.4,-2,476.4,23.8,
,,,,,,,SOLO,1788654247465,Sun Sep 06 2026 00:24:07 GMT+0000 (UTC),0,,,X,-13.4,-32.9,485.4,23.9,
,,,,,,,SOLO,1788654263249,Sun Sep 06 2026 00:24:23 GMT+0000 (UTC),0,,,6,68,-107.4,469.2,23.8,
### next string,,,,,,,,,,,,,,,,,,
Norm jamieson,Lockhart 4,AU-LR,2300,1695,-12.5,23.8,,,,,,,,,,,,
,,,,,,,SOLO,1788654249423,Sun Sep 06 2026 00:24:09 GMT+0000 (UTC),0,,sighter,5,-174.1,-106.9,465.8,23.1,
,,,,,,,SOLO,1788654293190,Sun Sep 06 2026 00:24:53 GMT+0000 (UTC),0,,,6,69.5,60.7,470.1,23,
,,,,,,,SOLO,1788654311675,Sun Sep 06 2026 00:25:11 GMT+0000 (UTC),0,,,X,-24.2,3.3,466.3,24.4,
,,,,,,,SOLO,1788654323049,Sun Sep 06 2026 00:25:23 GMT+0000 (UTC),0,,,X,-36.8,-31.3,462.9,23.1,
,,,,,,,SOLO,1788654333254,Sun Sep 06 2026 00:25:33 GMT+0000 (UTC),0,,,6,45.4,-94.3,464,24.1,
,,,,,,,SOLO,1788654344167,Sun Sep 06 2026 00:25:44 GMT+0000 (UTC),0,,,X,40.5,0.8,464.8,23.1,
,,,,,,,SOLO,1788654355826,Sun Sep 06 2026 00:25:55 GMT+0000 (UTC),0,,,X,1.4,-29.2,468.8,23.5,
,,,,,,,SOLO,1788654364377,Sun Sep 06 2026 00:26:04 GMT+0000 (UTC),0,,,5,-84.5,110.8,468.5,23.1,
,,,,,,,SOLO,1788654377751,Sun Sep 06 2026 00:26:17 GMT+0000 (UTC),0,,,6,-111.8,-36.1,467.6,23.2,
,,,,,,,SOLO,1788654387935,Sun Sep 06 2026 00:26:27 GMT+0000 (UTC),0,,,6,-77.8,-72.7,467.1,23.5,
,,,,,,,SOLO,1788654399883,Sun Sep 06 2026 00:26:39 GMT+0000 (UTC),0,,,X,20.8,20.5,474.4,23.2,
### next string,,,,,,,,,,,,,,,,,,
Rowlands ,Lockhart 2,AU-LR,2300,1695,-0.2,19,,,,,,,,,,,,
,,,,,,,SOLO,1788654394062,Sun Sep 06 2026 00:26:34 GMT+0000 (UTC),0,,,6,57.3,-103.8,456.5,23.9,
,,,,,,,SOLO,1788654427827,Sun Sep 06 2026 00:27:07 GMT+0000 (UTC),0,,,6,-16.2,-101.8,479.8,23.9,
,,,,,,,SOLO,1788654483298,Sun Sep 06 2026 00:28:03 GMT+0000 (UTC),0,,,6,116,-34.8,461.2,23.8,
,,,,,,,SOLO,1788654508324,Sun Sep 06 2026 00:28:28 GMT+0000 (UTC),0,,,5,226.1,62.2,453,23.6,
,,,,,,,SOLO,1788654552820,Sun Sep 06 2026 00:29:12 GMT+0000 (UTC),0,,,5,140.4,17.1,466.3,23.7,
,,,,,,,SOLO,1788654639960,Sun Sep 06 2026 00:30:39 GMT+0000 (UTC),0,,,6,-101.7,-2.4,465.5,23.9,
,,,,,,,SOLO,1788654665210,Sun Sep 06 2026 00:31:05 GMT+0000 (UTC),0,,,6,24.1,115.4,463.7,24.4,
,,,,,,,SOLO,1788654712152,Sun Sep 06 2026 00:31:52 GMT+0000 (UTC),0,,,5,-125.7,-41.1,475,24.5,
,,,,,,,SOLO,1788654734371,Sun Sep 06 2026 00:32:14 GMT+0000 (UTC),0,,,6,64.7,22.1,460.5,24.5,
,,,,,,,SOLO,1788654759999,Sun Sep 06 2026 00:32:39 GMT+0000 (UTC),0,,,6,-119.7,42.5,467.7,24.2,
### next string,,,,,,,,,,,,,,,,,,
R McRae,Lockhart 3,AU-LR,2300,1695,18.1,4,,,,,,,,,,,,
,,,,,,,SOLO,1788654645386,Sun Sep 06 2026 00:30:45 GMT+0000 (UTC),0,,,V,13,0.2,469.7,21.9,
,,,,,,,SOLO,1788654667342,Sun Sep 06 2026 00:31:07 GMT+0000 (UTC),0,,,V,89.8,40.2,461.5,22.1,
,,,,,,,SOLO,1788654695240,Sun Sep 06 2026 00:31:35 GMT+0000 (UTC),0,,,V,-66.6,64.5,484.7,22,
,,,,,,,SOLO,1788654714145,Sun Sep 06 2026 00:31:54 GMT+0000 (UTC),0,,,5,130.2,-37,470.4,22.2,
,,,,,,,SOLO,1788654733354,Sun Sep 06 2026 00:32:13 GMT+0000 (UTC),0,,,V,-36,-6.5,478.6,22.3,
,,,,,,,SOLO,1788654750553,Sun Sep 06 2026 00:32:30 GMT+0000 (UTC),0,,,V,-20.6,-8.7,466.8,22.3,
,,,,,,,SOLO,1788654765944,Sun Sep 06 2026 00:32:45 GMT+0000 (UTC),0,,,5,-162.3,83.5,462.1,22.4,
,,,,,,,SOLO,1788654829258,Sun Sep 06 2026 00:33:49 GMT+0000 (UTC),0,,,5,-174.2,-79.3,468.6,22.4,
,,,,,,,SOLO,1788654864656,Sun Sep 06 2026 00:34:24 GMT+0000 (UTC),0,,,V,17.1,12.3,471.3,22.6,
,,,,,,,SOLO,1788654880910,Sun Sep 06 2026 00:34:40 GMT+0000 (UTC),0,,,V,88.4,-34.7,467.2,22.7,
### next string,,,,,,,,,,,,,,,,,,
Chris halloran 800,Lockhart 1,AU-LR,2300,1695,25.6,15.6,,,,,,,,,,,,
,,,,,,,SOLO,1788654362095,Sun Sep 06 2026 00:26:02 GMT+0000 (UTC),0,,sighter,3,-229,382.2,560,23.8,
,,,,,,,SOLO,1788654564689,Sun Sep 06 2026 00:29:24 GMT+0000 (UTC),0,,sighter,4,156.9,-293.4,525.9,23.7,
,,,,,,,SOLO,1788654617697,Sun Sep 06 2026 00:30:17 GMT+0000 (UTC),0,,,2,10.1,-724.5,479.9,24,
,,,,,,,SOLO,1788654692589,Sun Sep 06 2026 00:31:32 GMT+0000 (UTC),0,,,5,169.7,-160.1,557.2,24.1,
,,,,,,,SOLO,1788654738277,Sun Sep 06 2026 00:32:18 GMT+0000 (UTC),0,,,3,-62.1,-533.6,472.9,24.4,
,,,,,,,SOLO,1788654771549,Sun Sep 06 2026 00:32:51 GMT+0000 (UTC),0,,,V,-0.7,38.8,539,24.5,
,,,,,,,SOLO,1788654797346,Sun Sep 06 2026 00:33:17 GMT+0000 (UTC),0,,,4,-83.4,-327,478.3,24.4,
,,,,,,,SOLO,1788654836641,Sun Sep 06 2026 00:33:56 GMT+0000 (UTC),0,,,3,-278.9,-319.8,476.1,24.4,
,,,,,,,SOLO,1788654870511,Sun Sep 06 2026 00:34:30 GMT+0000 (UTC),0,,,4,-201.9,-271.9,468.8,24.6,
,,,,,,,SOLO,1788654901653,Sun Sep 06 2026 00:35:01 GMT+0000 (UTC),0,,,5,-9.9,-197.9,470.7,24.9,
,,,,,,,SOLO,1788654933243,Sun Sep 06 2026 00:35:33 GMT+0000 (UTC),0,,,V,-21.2,118.5,494.4,24.8,
,,,,,,,SOLO,1788654960816,Sun Sep 06 2026 00:36:00 GMT+0000 (UTC),0,,,4,187.6,260.3,494.3,24.8,
### next string,,,,,,,,,,,,,,,,,,
A tooth,Lockhart 4,AU-LR,2300,1695,-12.5,23.8,,,,,,,,,,,,
,,,,,,,SOLO,1788654681670,Sun Sep 06 2026 00:31:21 GMT+0000 (UTC),0,,sighter,2,708.1,91.1,405.9,23,
,,,,,,,SOLO,1788654737947,Sun Sep 06 2026 00:32:17 GMT+0000 (UTC),0,,,3,-530.9,81.2,404.4,23.3,
,,,,,,,SOLO,1788654798807,Sun Sep 06 2026 00:33:18 GMT+0000 (UTC),0,,,4,-165.1,249.3,403.4,23.4,
,,,,,,,SOLO,1788654858728,Sun Sep 06 2026 00:34:18 GMT+0000 (UTC),0,,,V,-125.2,-3.4,407.5,23.7,
,,,,,,,SOLO,1788654899104,Sun Sep 06 2026 00:34:59 GMT+0000 (UTC),0,,,V,-111.5,4.4,412.7,23.6,
,,,,,,,SOLO,1788654943088,Sun Sep 06 2026 00:35:43 GMT+0000 (UTC),0,,,5,-228.8,-53.5,407.2,23.8,
,,,,,,,SOLO,1788654990955,Sun Sep 06 2026 00:36:30 GMT+0000 (UTC),0,,,3,437.8,64.6,406.1,23.7,
,,,,,,,SOLO,1788655038626,Sun Sep 06 2026 00:37:18 GMT+0000 (UTC),0,,,2,566.4,-265.1,393.9,24,
,,,,,,,SOLO,1788655118979,Sun Sep 06 2026 00:38:38 GMT+0000 (UTC),0,,,V,-60.5,-97.7,410.3,24,
,,,,,,,SOLO,1788655164327,Sun Sep 06 2026 00:39:24 GMT+0000 (UTC),0,,,5,-105.9,-150.8,405.8,24.1,
,,,,,,,SOLO,1788655223589,Sun Sep 06 2026 00:40:23 GMT+0000 (UTC),0,,,V,45.1,55.4,401,24.3,
### next string,,,,,,,,,,,,,,,,,,
Ballantyne,Lockhart 3,AU-LR,2300,1695,18.1,4,,,,,,,,,,,,
,,,,,,,SOLO,1788655055453,Sun Sep 06 2026 00:37:35 GMT+0000 (UTC),0,,,5,-163.9,-159.4,437.6,23,
,,,,,,,SOLO,1788655088391,Sun Sep 06 2026 00:38:08 GMT+0000 (UTC),0,,,4,-364.8,45,438.9,23.3,
,,,,,,,SOLO,1788655123466,Sun Sep 06 2026 00:38:43 GMT+0000 (UTC),0,,,5,-221.9,43.6,430.7,22.9,
,,,,,,,SOLO,1788655148860,Sun Sep 06 2026 00:39:08 GMT+0000 (UTC),0,,,5,3.6,196.9,432.8,22.9,
,,,,,,,SOLO,1788655171907,Sun Sep 06 2026 00:39:31 GMT+0000 (UTC),0,,,5,141.3,112.3,437.6,22.9,
,,,,,,,SOLO,1788655197885,Sun Sep 06 2026 00:39:57 GMT+0000 (UTC),0,,,3,-390.5,161.1,435.6,22.8,
,,,,,,,SOLO,1788655227188,Sun Sep 06 2026 00:40:27 GMT+0000 (UTC),0,,,4,231.4,-214.6,430.3,22.9,
,,,,,,,SOLO,1788655253935,Sun Sep 06 2026 00:40:53 GMT+0000 (UTC),0,,,5,-31.8,-162.7,430.4,22.8,
,,,,,,,SOLO,1788655329666,Sun Sep 06 2026 00:42:09 GMT+0000 (UTC),0,,,5,110.2,-88.9,430.1,22.8,
,,,,,,,SOLO,1788655362804,Sun Sep 06 2026 00:42:42 GMT+0000 (UTC),0,,,4,-399.4,-89.6,428.3,22.9,
### next string,,,,,,,,,,,,,,,,,,
Mcguagin,Lockhart 2,AU-LR,2300,1695,-0.2,19,,,,,,,,,,,,
,,,,,,,SOLO,1788654922812,Sun Sep 06 2026 00:35:22 GMT+0000 (UTC),0,,sighter,3,-235.5,416,473.1,25.2,
,,,,,,,SOLO,1788654977405,Sun Sep 06 2026 00:36:17 GMT+0000 (UTC),0,,,V,-11,-12.1,498.3,25.2,
,,,,,,,SOLO,1788655015712,Sun Sep 06 2026 00:36:55 GMT+0000 (UTC),0,,,4,357.8,-184.8,486.8,25.5,
,,,,,,,SOLO,1788655081117,Sun Sep 06 2026 00:38:01 GMT+0000 (UTC),0,,,4,265.5,-190.5,483.1,25.5,
,,,,,,,SOLO,1788655115818,Sun Sep 06 2026 00:38:35 GMT+0000 (UTC),0,,,V,-44.6,-108.6,472.3,25.4,
,,,,,,,SOLO,1788655141579,Sun Sep 06 2026 00:39:01 GMT+0000 (UTC),0,,,5,-122.4,102.9,476.5,28.3,
,,,,,,,SOLO,1788655271186,Sun Sep 06 2026 00:41:11 GMT+0000 (UTC),0,,,4,-296.6,243.2,487.8,24.4,
,,,,,,,SOLO,1788655308190,Sun Sep 06 2026 00:41:48 GMT+0000 (UTC),0,,,4,-266.4,34.7,472.6,24.8,
,,,,,,,SOLO,1788655345557,Sun Sep 06 2026 00:42:25 GMT+0000 (UTC),0,,,5,128,-75.9,481.2,24.9,
,,,,,,,SOLO,1788655373918,Sun Sep 06 2026 00:42:53 GMT+0000 (UTC),0,,,V,-59.1,-65.4,470.5,24.5,
,,,,,,,SOLO,1788655397920,Sun Sep 06 2026 00:43:17 GMT+0000 (UTC),0,,,4,50.4,-312.2,471.1,24.6,
### next string,,,,,,,,,,,,,,,,,,
Paul Golden,Lockhart 1,AU-LR,2300,1695,25.6,15.6,,,,,,,,,,,,
,,,,,,,SOLO,1788655128162,Sun Sep 06 2026 00:38:48 GMT+0000 (UTC),0,,sighter,4,-281.1,257.2,479.8,24.9,
,,,,,,,SOLO,1788655224493,Sun Sep 06 2026 00:40:24 GMT+0000 (UTC),0,,sighter,4,-303.5,247,467.1,24.5,
,,,,,,,SOLO,1788655265983,Sun Sep 06 2026 00:41:05 GMT+0000 (UTC),0,,,2,-650.9,-398.2,466.6,24.6,
,,,,,,,SOLO,1788655351239,Sun Sep 06 2026 00:42:31 GMT+0000 (UTC),0,,,2,-386.5,-585.4,464.2,24.3,
,,,,,,,SOLO,1788655387623,Sun Sep 06 2026 00:43:07 GMT+0000 (UTC),0,,,5,-190.7,-58.5,465.8,24.1,
,,,,,,,SOLO,1788655411504,Sun Sep 06 2026 00:43:31 GMT+0000 (UTC),0,,,6,49.5,-56.7,471.1,24.1,
,,,,,,,SOLO,1788655427381,Sun Sep 06 2026 00:43:47 GMT+0000 (UTC),0,,,X,-41.1,-51.7,463.3,24.1,
,,,,,,,SOLO,1788655460071,Sun Sep 06 2026 00:44:20 GMT+0000 (UTC),0,,,5,-129.7,-30,469.7,23.9,
,,,,,,,SOLO,1788655487537,Sun Sep 06 2026 00:44:47 GMT+0000 (UTC),0,,,5,-114.4,-85.7,466.1,27.5,
,,,,,,,SOLO,1788655518615,Sun Sep 06 2026 00:45:18 GMT+0000 (UTC),0,,,5,-145.2,-47.6,467.9,24.1,
,,,,,,,SOLO,1788655576876,Sun Sep 06 2026 00:46:16 GMT+0000 (UTC),0,,,5,-25,-160.5,475.5,23.4,
,,,,,,,SOLO,1788655612874,Sun Sep 06 2026 00:46:52 GMT+0000 (UTC),0,,,3,469.5,-152.9,462.8,24,
### next string,,,,,,,,,,,,,,,,,,
Crowe 800,Lockhart 3,AU-LR,2300,1695,18.1,4,,,,,,,,,,,,
,,,,,,,SOLO,1788655476808,Sun Sep 06 2026 00:44:36 GMT+0000 (UTC),0,,sighter,5,168.3,-165.5,458.6,22.8,
,,,,,,,SOLO,1788655505831,Sun Sep 06 2026 00:45:05 GMT+0000 (UTC),0,,sighter,5,-142.1,-60.5,466.6,22.7,
,,,,,,,SOLO,1788655533613,Sun Sep 06 2026 00:45:33 GMT+0000 (UTC),0,,,X,-55.4,-11.2,470.3,23,
,,,,,,,SOLO,1788655552775,Sun Sep 06 2026 00:45:52 GMT+0000 (UTC),0,,,X,-31.5,58.1,478.3,23.2,
,,,,,,,SOLO,1788655567602,Sun Sep 06 2026 00:46:07 GMT+0000 (UTC),0,,,X,-42.3,2.8,464.9,23.1,
,,,,,,,SOLO,1788655602296,Sun Sep 06 2026 00:46:42 GMT+0000 (UTC),0,,,5,134.9,66.2,471.4,23.1,
,,,,,,,SOLO,1788655626393,Sun Sep 06 2026 00:47:06 GMT+0000 (UTC),0,,,5,211,-21.9,462.7,22.9,
,,,,,,,SOLO,1788655645352,Sun Sep 06 2026 00:47:25 GMT+0000 (UTC),0,,,X,18.2,-14.5,466.5,23.2,
,,,,,,,SOLO,1788655683778,Sun Sep 06 2026 00:48:03 GMT+0000 (UTC),0,,,5,-140,-30.2,467.1,23.2,
,,,,,,,SOLO,1788655698360,Sun Sep 06 2026 00:48:18 GMT+0000 (UTC),0,,,6,68.6,-59.9,465.1,23.5,
,,,,,,,SOLO,1788655714223,Sun Sep 06 2026 00:48:34 GMT+0000 (UTC),0,,,X,-4.8,7.2,472.6,23.1,
,,,,,,,SOLO,1788655730148,Sun Sep 06 2026 00:48:50 GMT+0000 (UTC),0,,,6,4.2,-90.9,464,22.9,
### next string,,,,,,,,,,,,,,,,,,
T tugwell,Lockhart 4,AU-LR,2300,1695,-12.5,23.8,,,,,,,,,,,,
,,,,,,,SOLO,1788655372588,Sun Sep 06 2026 00:42:52 GMT+0000 (UTC),0,,sighter,5,-64.1,-214.6,470.4,24.4,
,,,,,,,SOLO,1788655410969,Sun Sep 06 2026 00:43:30 GMT+0000 (UTC),0,,,6,-28.1,-63.5,465,24.3,
,,,,,,,SOLO,1788655437194,Sun Sep 06 2026 00:43:57 GMT+0000 (UTC),0,,,X,-22,60,468.2,23.9,
,,,,,,,SOLO,1788655620098,Sun Sep 06 2026 00:47:00 GMT+0000 (UTC),0,,,5,240,0.6,468.8,24.5,
,,,,,,,SOLO,1788655670158,Sun Sep 06 2026 00:47:50 GMT+0000 (UTC),0,,,6,83.4,-16,477.1,24.6,
,,,,,,,SOLO,1788655706103,Sun Sep 06 2026 00:48:26 GMT+0000 (UTC),0,,,6,81,-90.1,468.6,24.9,
,,,,,,,SOLO,1788655730906,Sun Sep 06 2026 00:48:50 GMT+0000 (UTC),0,,,5,63.8,-159.9,471.9,24.7,
,,,,,,,SOLO,1788655749799,Sun Sep 06 2026 00:49:09 GMT+0000 (UTC),0,,,X,-29.1,-59.4,466.7,24,
,,,,,,,SOLO,1788655776065,Sun Sep 06 2026 00:49:36 GMT+0000 (UTC),0,,,5,121.4,-133.3,469.9,28.3,
,,,,,,,SOLO,1788655810822,Sun Sep 06 2026 00:50:10 GMT+0000 (UTC),0,,,X,-56.3,-24.4,473.2,24.6,
,,,,,,,SOLO,1788655830478,Sun Sep 06 2026 00:50:30 GMT+0000 (UTC),0,,,5,-165,-149.6,470.1,24.9,
### next string,,,,,,,,,,,,,,,,,,
May,Lockhart 2,AU-LR,2300,1695,-0.2,19,,,,,,,,,,,,
,,,,,,,SOLO,1788655581167,Sun Sep 06 2026 00:46:21 GMT+0000 (UTC),0,,sighter,4,-86.6,324,474,24.6,
,,,,,,,SOLO,1788655632214,Sun Sep 06 2026 00:47:12 GMT+0000 (UTC),0,,sighter,4,348.6,159.1,476.6,24.8,
,,,,,,,SOLO,1788655678474,Sun Sep 06 2026 00:47:58 GMT+0000 (UTC),0,,,4,269.1,51.5,479.9,24.9,
,,,,,,,SOLO,1788655704137,Sun Sep 06 2026 00:48:24 GMT+0000 (UTC),0,,,6,51.1,61.7,483.3,25.1,
,,,,,,,SOLO,1788655721773,Sun Sep 06 2026 00:48:41 GMT+0000 (UTC),0,,,5,47.7,-130,484.8,25.1,
,,,,,,,SOLO,1788655740270,Sun Sep 06 2026 00:49:00 GMT+0000 (UTC),0,,,6,-12.1,98.9,494.2,25.1,
,,,,,,,SOLO,1788655758006,Sun Sep 06 2026 00:49:18 GMT+0000 (UTC),0,,,4,144.9,-221.1,473.9,25.1,
,,,,,,,SOLO,1788655778675,Sun Sep 06 2026 00:49:38 GMT+0000 (UTC),0,,,5,43.2,-134,485.5,25.1,
,,,,,,,SOLO,1788655798525,Sun Sep 06 2026 00:49:58 GMT+0000 (UTC),0,,,5,-123.7,-49.8,483.4,25.2,
,,,,,,,SOLO,1788655826269,Sun Sep 06 2026 00:50:26 GMT+0000 (UTC),0,,,6,85.4,-54.5,478.9,24.7,
,,,,,,,SOLO,1788655843863,Sun Sep 06 2026 00:50:43 GMT+0000 (UTC),0,,,5,-140.2,-150.1,473.3,25.1,
,,,,,,,SOLO,1788655874073,Sun Sep 06 2026 00:51:14 GMT+0000 (UTC),0,,,5,197.2,17.8,472.1,25.1,
### next string,,,,,,,,,,,,,,,,,,
D Daniels,Lockhart 1,AU-LR,2300,1695,25.6,15.6,,,,,,,,,,,,
,,,,,,,SOLO,1788655784894,Sun Sep 06 2026 00:49:44 GMT+0000 (UTC),0,,sighter,4,-122,267.1,471.2,24.6,
,,,,,,,SOLO,1788655830498,Sun Sep 06 2026 00:50:30 GMT+0000 (UTC),0,,sighter,4,-214.7,162.1,470.9,24.8,
,,,,,,,SOLO,1788655871584,Sun Sep 06 2026 00:51:11 GMT+0000 (UTC),0,,,5,-186.7,137.8,462.8,24.6,
,,,,,,,SOLO,1788655906412,Sun Sep 06 2026 00:51:46 GMT+0000 (UTC),0,,,5,-157.2,-48.3,463.5,24.5,
,,,,,,,SOLO,1788655933979,Sun Sep 06 2026 00:52:13 GMT+0000 (UTC),0,,,5,-63.7,-197.8,455.9,24.5,
,,,,,,,SOLO,1788655961186,Sun Sep 06 2026 00:52:41 GMT+0000 (UTC),0,,,V,-43.1,85,458.9,24.1,
,,,,,,,SOLO,1788656014273,Sun Sep 06 2026 00:53:34 GMT+0000 (UTC),0,,,V,-119.3,33,462.6,24.2,
,,,,,,,SOLO,1788656044859,Sun Sep 06 2026 00:54:04 GMT+0000 (UTC),0,,,V,-40.2,26.9,463,24.3,
,,,,,,,SOLO,1788656093161,Sun Sep 06 2026 00:54:53 GMT+0000 (UTC),0,,,4,-357.5,28.2,460.8,24.4,
,,,,,,,SOLO,1788656123516,Sun Sep 06 2026 00:55:23 GMT+0000 (UTC),0,,,V,43.8,-97.1,472.2,24.5,
,,,,,,,SOLO,1788656162691,Sun Sep 06 2026 00:56:02 GMT+0000 (UTC),0,,,5,-31.1,-210.2,464.6,24.7,
,,,,,,,SOLO,1788656189417,Sun Sep 06 2026 00:56:29 GMT+0000 (UTC),0,,,V,60,-74.8,471,24.9,
### next string,,,,,,,,,,,,,,,,,,
m Shepherd,Lockhart 3,AU-LR,2300,1695,18.1,4,,,,,,,,,,,,
,,,,,,,SOLO,1788656041404,Sun Sep 06 2026 00:54:01 GMT+0000 (UTC),0,,,5,220.9,116.4,462.7,22.9,
,,,,,,,SOLO,1788656086257,Sun Sep 06 2026 00:54:46 GMT+0000 (UTC),0,,,5,-147.4,110.1,470.2,22.7,
,,,,,,,SOLO,1788656185663,Sun Sep 06 2026 00:56:25 GMT+0000 (UTC),0,,,V,-34.8,-41,478.8,23.6,
,,,,,,,SOLO,1788656231450,Sun Sep 06 2026 00:57:11 GMT+0000 (UTC),0,,,V,118.5,34.6,466.7,23.6,
,,,,,,,SOLO,1788656266293,Sun Sep 06 2026 00:57:46 GMT+0000 (UTC),0,,,V,56.8,-98.8,469,23.8,
,,,,,,,SOLO,1788656295599,Sun Sep 06 2026 00:58:15 GMT+0000 (UTC),0,,,5,147.9,-41,464.1,23.6,
,,,,,,,SOLO,1788656321291,Sun Sep 06 2026 00:58:41 GMT+0000 (UTC),0,,,V,97.3,25.8,460.5,23.1,
,,,,,,,SOLO,1788656370697,Sun Sep 06 2026 00:59:30 GMT+0000 (UTC),0,,,5,138.5,79.8,462.1,22.9,
,,,,,,,SOLO,1788656427783,Sun Sep 06 2026 01:00:27 GMT+0000 (UTC),0,,,V,-50.8,-70.9,461.2,22.4,
,,,,,,,SOLO,1788656590986,Sun Sep 06 2026 01:03:10 GMT+0000 (UTC),0,,,V,-70.6,-46.2,464.4,21.8,
### next string,,,,,,,,,,,,,,,,,,
Wrong,Lockhart 3,AU-LR,2300,1695,18.1,4,,,,,,,,,,,,
,,,,,,,SOLO,1788656664603,Sun Sep 06 2026 01:04:24 GMT+0000 (UTC),0,,sighter,1,1044.4,331.6,444.6,21.7,
### next string,,,,,,,,,,,,,,,,,,
Stres,Lockhart 1,AU-LR,2300,1695,25.6,15.6,,,,,,,,,,,,
,,,,,,,SOLO,1788656347449,Sun Sep 06 2026 00:59:07 GMT+0000 (UTC),0,,,V,-103,-25.4,465,24.2,
,,,,,,,SOLO,1788656371470,Sun Sep 06 2026 00:59:31 GMT+0000 (UTC),0,,,V,91,91.2,476.5,24.4,
,,,,,,,SOLO,1788656395122,Sun Sep 06 2026 00:59:55 GMT+0000 (UTC),0,,,V,84.2,74.4,469.3,24.2,
,,,,,,,SOLO,1788656411378,Sun Sep 06 2026 01:00:11 GMT+0000 (UTC),0,,,V,96.9,43.6,481.3,24.6,
,,,,,,,SOLO,1788656575806,Sun Sep 06 2026 01:02:55 GMT+0000 (UTC),0,,,V,0.3,68.9,478.4,23.9,
,,,,,,,SOLO,1788656622256,Sun Sep 06 2026 01:03:42 GMT+0000 (UTC),0,,,V,-87.5,-75.2,474.9,24,
,,,,,,,SOLO,1788656672152,Sun Sep 06 2026 01:04:32 GMT+0000 (UTC),0,,,V,82.7,48.8,474.4,24.1,
,,,,,,,SOLO,1788656690529,Sun Sep 06 2026 01:04:50 GMT+0000 (UTC),0,,,V,22.5,-8.2,469.9,24,
,,,,,,,SOLO,1788656714768,Sun Sep 06 2026 01:05:14 GMT+0000 (UTC),0,,,5,184.4,26.5,461,24.1,
,,,,,,,SOLO,1788656732843,Sun Sep 06 2026 01:05:32 GMT+0000 (UTC),0,,,5,156.7,-126.6,473,24.1,
### next string,,,,,,,,,,,,,,,,,,
Brindley S,Lockhart 2,AU-LR,2300,1695,-0.2,19,,,,,,,,,,,,
,,,,,,,SOLO,1788656086335,Sun Sep 06 2026 00:54:46 GMT+0000 (UTC),0,,,V,-15.1,-116.3,453.4,24.6,
,,,,,,,SOLO,1788656143529,Sun Sep 06 2026 00:55:43 GMT+0000 (UTC),0,,,5,209.1,-130.1,456.2,24.9,
,,,,,,,SOLO,1788656373397,Sun Sep 06 2026 00:59:33 GMT+0000 (UTC),0,,,5,141.8,15,459.2,23.6,
,,,,,,,SOLO,1788656414471,Sun Sep 06 2026 01:00:14 GMT+0000 (UTC),0,,,V,-45.9,45.3,461.8,24.3,
,,,,,,,SOLO,1788656440999,Sun Sep 06 2026 01:00:40 GMT+0000 (UTC),0,,,V,-106.9,-30.3,465.5,24.2,
,,,,,,,SOLO,1788656516833,Sun Sep 06 2026 01:01:56 GMT+0000 (UTC),0,,,4,285.9,-88.2,459.1,24.2,
,,,,,,,SOLO,1788656560779,Sun Sep 06 2026 01:02:40 GMT+0000 (UTC),0,,,5,-65.2,-116.3,463.4,24.1,
,,,,,,,SOLO,1788656637898,Sun Sep 06 2026 01:03:57 GMT+0000 (UTC),0,,,V,-102.4,-18,462.4,23.9,
,,,,,,,SOLO,1788656703069,Sun Sep 06 2026 01:05:03 GMT+0000 (UTC),0,,,5,196.6,-82,451.3,24.1,
,,,,,,,SOLO,1788656734399,Sun Sep 06 2026 01:05:34 GMT+0000 (UTC),0,,,5,-119.7,-177.7,450.6,24.1,
### next string,,,,,,,,,,,,,,,,,,
S Daniel 27,Lockhart 4,AU-LR,2300,1695,-12.5,23.8,,,,,,,,,,,,
,,,,,,,SOLO,1788656112170,Sun Sep 06 2026 00:55:12 GMT+0000 (UTC),0,,sighter,3,-344.3,-242.4,447.9,24.8,
,,,,,,,SOLO,1788656228180,Sun Sep 06 2026 00:57:08 GMT+0000 (UTC),0,,sighter,4,152.3,-310.9,450.1,24.8,
,,,,,,,SOLO,1788656516249,Sun Sep 06 2026 01:01:56 GMT+0000 (UTC),0,,,4,239.3,-100,441.7,23.5,
,,,,,,,SOLO,1788656585421,Sun Sep 06 2026 01:03:05 GMT+0000 (UTC),0,,,5,-243.9,19.1,456.8,23.5,
,,,,,,,SOLO,1788656632985,Sun Sep 06 2026 01:03:52 GMT+0000 (UTC),0,,,V,33.6,38.8,453.7,23.6,
,,,,,,,SOLO,1788656664653,Sun Sep 06 2026 01:04:24 GMT+0000 (UTC),0,,,5,68.7,-172.3,455.8,23.4,
,,,,,,,SOLO,1788656705081,Sun Sep 06 2026 01:05:05 GMT+0000 (UTC),0,,,V,-45,49.5,451.9,23.6,
,,,,,,,SOLO,1788656734128,Sun Sep 06 2026 01:05:34 GMT+0000 (UTC),0,,,4,-88.5,-299.6,447.6,23.3,
,,,,,,,SOLO,1788656830266,Sun Sep 06 2026 01:07:10 GMT+0000 (UTC),0,,,V,21.4,79.8,450.3,23.4,
,,,,,,,SOLO,1788656854844,Sun Sep 06 2026 01:07:34 GMT+0000 (UTC),0,,,V,56.7,59.3,451,23.4,
,,,,,,,SOLO,1788656881459,Sun Sep 06 2026 01:08:01 GMT+0000 (UTC),0,,,V,54.6,7.7,447.2,23.5,
,,,,,,,SOLO,1788656909999,Sun Sep 06 2026 01:08:29 GMT+0000 (UTC),0,,,4,-368.9,78.3,448.9,23.6,
### next string,,,,,,,,,,,,,,,,,,
Matt N,Lockhart 2,AU-LR,2300,1695,-0.2,19,,,,,,,,,,,,
,,,,,,,SOLO,1788656866621,Sun Sep 06 2026 01:07:46 GMT+0000 (UTC),0,,,5,105.5,-81.2,501.5,23.8,
,,,,,,,SOLO,1788656917676,Sun Sep 06 2026 01:08:37 GMT+0000 (UTC),0,,,5,-54.6,172.4,493,23.9,
,,,,,,,SOLO,1788656952520,Sun Sep 06 2026 01:09:12 GMT+0000 (UTC),0,,,4,-324.3,40.3,491.1,23.2,
,,,,,,,SOLO,1788656994621,Sun Sep 06 2026 01:09:54 GMT+0000 (UTC),0,,,5,-131.9,26.5,496.5,24,
,,,,,,,SOLO,1788657020090,Sun Sep 06 2026 01:10:20 GMT+0000 (UTC),0,,,V,-44.6,75.2,503.9,24.6,
,,,,,,,SOLO,1788657050772,Sun Sep 06 2026 01:10:50 GMT+0000 (UTC),0,,,5,112.3,-79.7,485.7,24.7,
,,,,,,,SOLO,1788657113826,Sun Sep 06 2026 01:11:53 GMT+0000 (UTC),0,,,V,-9.2,62.7,487.7,24.9,
,,,,,,,SOLO,1788657151711,Sun Sep 06 2026 01:12:31 GMT+0000 (UTC),0,,,V,-17.4,-59.3,502.3,24.7,
,,,,,,,SOLO,1788657173417,Sun Sep 06 2026 01:12:53 GMT+0000 (UTC),0,,,V,-101.4,-63.5,513.2,25.1,
,,,,,,,SOLO,1788657205967,Sun Sep 06 2026 01:13:25 GMT+0000 (UTC),0,,,V,-97.7,-62,487.9,25.1,
### next string,,,,,,,,,,,,,,,,,,
L Brinkley 800,Lockhart 4,AU-LR,2300,1695,-12.5,23.8,,,,,,,,,,,,
,,,,,,,SOLO,1788657058390,Sun Sep 06 2026 01:10:58 GMT+0000 (UTC),0,,,V,97.7,23.5,458,23.9,
,,,,,,,SOLO,1788657095612,Sun Sep 06 2026 01:11:35 GMT+0000 (UTC),0,,,5,-250.2,-49.5,457.4,23.8,
,,,,,,,SOLO,1788657135777,Sun Sep 06 2026 01:12:15 GMT+0000 (UTC),0,,,5,73.7,150.7,454.7,24,
,,,,,,,SOLO,1788657177057,Sun Sep 06 2026 01:12:57 GMT+0000 (UTC),0,,,5,169.9,-140.8,461.7,23.8,
,,,,,,,SOLO,1788657231726,Sun Sep 06 2026 01:13:51 GMT+0000 (UTC),0,,,5,7.8,-166.9,458.1,23.7,
,,,,,,,SOLO,1788657290016,Sun Sep 06 2026 01:14:50 GMT+0000 (UTC),0,,,5,-139.9,-61.3,455,23.7,
,,,,,,,SOLO,1788657328006,Sun Sep 06 2026 01:15:28 GMT+0000 (UTC),0,,,V,-9.3,-38.6,451.8,23.4,
,,,,,,,SOLO,1788657367525,Sun Sep 06 2026 01:16:07 GMT+0000 (UTC),0,,,V,-80.2,100.1,453.8,23.3,
,,,,,,,SOLO,1788657431549,Sun Sep 06 2026 01:17:11 GMT+0000 (UTC),0,,,4,248,96.6,459.8,23,
,,,,,,,SOLO,1788657460955,Sun Sep 06 2026 01:17:40 GMT+0000 (UTC),0,,,V,28.8,24.1,452.9,22.6,
### next string,,,,,,,,,,,,,,,,,,
S Williams,Lockhart 3,AU-LR,2300,1695,18.1,4,,,,,,,,,,,,
,,,,,,,SOLO,1788656827570,Sun Sep 06 2026 01:07:07 GMT+0000 (UTC),0,,sighter,4,-194.8,251.6,463.9,21.9,
,,,,,,,SOLO,1788656889761,Sun Sep 06 2026 01:08:09 GMT+0000 (UTC),0,,sighter,3,449.9,84.4,462.3,21.8,
,,,,,,,SOLO,1788657013607,Sun Sep 06 2026 01:10:13 GMT+0000 (UTC),0,,,5,50.7,-235,451.1,22.2,
,,,,,,,SOLO,1788657104908,Sun Sep 06 2026 01:11:44 GMT+0000 (UTC),0,,,4,-286.9,-236.6,447.2,22.5,
,,,,,,,SOLO,1788657151918,Sun Sep 06 2026 01:12:31 GMT+0000 (UTC),0,,,5,196.2,22.2,455.8,22.6,
,,,,,,,SOLO,1788657259917,Sun Sep 06 2026 01:14:19 GMT+0000 (UTC),0,,,V,66.8,-21.7,451.2,22,
,,,,,,,SOLO,1788657302362,Sun Sep 06 2026 01:15:02 GMT+0000 (UTC),0,,,V,101.7,45.1,451.6,22.1,
,,,,,,,SOLO,1788657334767,Sun Sep 06 2026 01:15:34 GMT+0000 (UTC),0,,,5,42.2,133.7,446.3,21.6,
,,,,,,,SOLO,1788657371561,Sun Sep 06 2026 01:16:11 GMT+0000 (UTC),0,,,4,275.8,103.5,454.9,21.8,
,,,,,,,SOLO,1788657431695,Sun Sep 06 2026 01:17:11 GMT+0000 (UTC),0,,,5,227.9,-95.8,444.5,21.4,
,,,,,,,SOLO,1788657478940,Sun Sep 06 2026 01:17:58 GMT+0000 (UTC),0,,,V,78.4,-8.3,453.2,21.3,
,,,,,,,SOLO,1788657511966,Sun Sep 06 2026 01:18:31 GMT+0000 (UTC),0,,,4,-272.2,212.9,463.2,21.4,
### next string,,,,,,,,,,,,,,,,,,
Doug George,Lockhart 1,AU-LR,2300,1695,25.6,15.6,,,,,,,,,,,,
,,,,,,,SOLO,1788656836068,Sun Sep 06 2026 01:07:16 GMT+0000 (UTC),0,,sighter,3,499.3,-163.3,504.8,24.1,
,,,,,,,SOLO,1788657012598,Sun Sep 06 2026 01:10:12 GMT+0000 (UTC),0,,sighter,4,-109.3,-285.2,508.5,24.8,
,,,,,,,SOLO,1788657047963,Sun Sep 06 2026 01:10:47 GMT+0000 (UTC),0,,,5,-60.1,-129.9,501.1,25,
,,,,,,,SOLO,1788657117107,Sun Sep 06 2026 01:11:57 GMT+0000 (UTC),0,,,X,-2.9,5.8,508.4,25.1,
,,,,,,,SOLO,1788657139279,Sun Sep 06 2026 01:12:19 GMT+0000 (UTC),0,,,6,111.8,26.6,529.1,25.3,
,,,,,,,SOLO,1788657168283,Sun Sep 06 2026 01:12:48 GMT+0000 (UTC),0,,,6,69.9,-52,520.8,25.2,
,,,,,,,SOLO,1788657199793,Sun Sep 06 2026 01:13:19 GMT+0000 (UTC),0,,,X,-8.3,-19,510.1,25.3,
,,,,,,,SOLO,1788657253013,Sun Sep 06 2026 01:14:13 GMT+0000 (UTC),0,,,5,-104.9,-94.8,528.3,25.2,
,,,,,,,SOLO,1788657284598,Sun Sep 06 2026 01:14:44 GMT+0000 (UTC),0,,,5,-65.5,-230.9,543.1,25.1,
,,,,,,,SOLO,1788657417341,Sun Sep 06 2026 01:16:57 GMT+0000 (UTC),0,,,X,21.2,63.4,516.3,25.6,
,,,,,,,SOLO,1788657438788,Sun Sep 06 2026 01:17:18 GMT+0000 (UTC),0,,,5,77.1,116.2,502.9,24.1,
,,,,,,,SOLO,1788657465536,Sun Sep 06 2026 01:17:45 GMT+0000 (UTC),0,,,5,-46.6,144.6,510.2,24,
### next string,,,,,,,,,,,,,,,,,,
D Jukes,Lockhart 2,AU-LR,2300,1695,-0.2,19,,,,,,,,,,,,
,,,,,,,SOLO,1788657460776,Sun Sep 06 2026 01:17:40 GMT+0000 (UTC),0,,sighter,4,-320.8,-157.5,479.2,23.6,
,,,,,,,SOLO,1788657594952,Sun Sep 06 2026 01:19:54 GMT+0000 (UTC),0,,sighter,5,215.3,39.5,491.5,23.8,
,,,,,,,SOLO,1788657618549,Sun Sep 06 2026 01:20:18 GMT+0000 (UTC),0,,,5,-49.6,127.9,484.4,24,
,,,,,,,SOLO,1788657637109,Sun Sep 06 2026 01:20:37 GMT+0000 (UTC),0,,,X,42.5,-0.6,499.7,24.1,
,,,,,,,SOLO,1788657639034,Sun Sep 06 2026 01:20:39 GMT+0000 (UTC),0,,,5,71.7,-219.7,567.9,24,
,,,,,,,SOLO,1788657734926,Sun Sep 06 2026 01:22:14 GMT+0000 (UTC),0,,,4,404.6,-7.6,487.2,24.3,
,,,,,,,SOLO,1788657787798,Sun Sep 06 2026 01:23:07 GMT+0000 (UTC),0,,,4,-275.3,-74.6,482.8,24.4,
,,,,,,,SOLO,1788657825722,Sun Sep 06 2026 01:23:45 GMT+0000 (UTC),0,,,5,-133.8,-24.1,485.9,24.9,
,,,,,,,SOLO,1788657907351,Sun Sep 06 2026 01:25:07 GMT+0000 (UTC),0,,,6,106.4,-49,489.7,24.8,
,,,,,,,SOLO,1788657921760,Sun Sep 06 2026 01:25:21 GMT+0000 (UTC),0,,,6,52.2,-58.1,484.3,24.5,
,,,,,,,SOLO,1788657937116,Sun Sep 06 2026 01:25:37 GMT+0000 (UTC),0,,,5,-31,-130.2,497.9,24.3,
,,,,,,,SOLO,1788657956760,Sun Sep 06 2026 01:25:56 GMT+0000 (UTC),0,,,6,-111.4,-51.9,494.3,23.7,
,,,,,,,SOLO,1788657976161,Sun Sep 06 2026 01:26:16 GMT+0000 (UTC),0,,,6,67.4,-86.1,486.6,24.3,
### next string,,,,,,,,,,,,,,,,,,
Tim g,Lockhart 4,AU-LR,2300,1695,-12.5,23.8,,,,,,,,,,,,
,,,,,,,SOLO,1788657575557,Sun Sep 06 2026 01:19:35 GMT+0000 (UTC),0,,sighter,6,-17.2,88.9,485.5,24.5,
,,,,,,,SOLO,1788657607518,Sun Sep 06 2026 01:20:07 GMT+0000 (UTC),0,,sighter,5,-42.3,133.7,466.8,23.3,
,,,,,,,SOLO,1788657650509,Sun Sep 06 2026 01:20:50 GMT+0000 (UTC),0,,,5,-152.1,-15.4,478.2,23.5,
,,,,,,,SOLO,1788657694313,Sun Sep 06 2026 01:21:34 GMT+0000 (UTC),0,,,4,271.8,-131.4,468.7,23.5,
,,,,,,,SOLO,1788657744856,Sun Sep 06 2026 01:22:24 GMT+0000 (UTC),0,,,5,108.8,-152.8,473.1,25.7,
,,,,,,,SOLO,1788657808172,Sun Sep 06 2026 01:23:28 GMT+0000 (UTC),0,,,5,127.7,-114.4,478,24.1,
,,,,,,,SOLO,1788657856983,Sun Sep 06 2026 01:24:16 GMT+0000 (UTC),0,,,X,-31.7,24,476.4,23.9,
,,,,,,,SOLO,1788657881753,Sun Sep 06 2026 01:24:41 GMT+0000 (UTC),0,,,6,62.9,77.7,477.1,23.8,
,,,,,,,SOLO,1788657901260,Sun Sep 06 2026 01:25:01 GMT+0000 (UTC),0,,,6,23.5,-123.2,478.2,24.1,
,,,,,,,SOLO,1788657945488,Sun Sep 06 2026 01:25:45 GMT+0000 (UTC),0,,,4,311.8,-64,476.1,23.6,
,,,,,,,SOLO,1788657990476,Sun Sep 06 2026 01:26:30 GMT+0000 (UTC),0,,,5,194.4,43.6,473.6,23.4,
,,,,,,,SOLO,1788658044315,Sun Sep 06 2026 01:27:24 GMT+0000 (UTC),0,,,4,301.1,84.3,477.3,23.7,
### next string,,,,,,,,,,,,,,,,,,
S Hore,Lockhart 3,AU-LR,2300,1695,18.1,4,,,,,,,,,,,,
,,,,,,,SOLO,1788657738267,Sun Sep 06 2026 01:22:18 GMT+0000 (UTC),0,,sighter,4,166.3,-232.9,550.1,22.5,
,,,,,,,SOLO,1788657796512,Sun Sep 06 2026 01:23:16 GMT+0000 (UTC),0,,,X,35.3,-45.6,556.7,22.6,
,,,,,,,SOLO,1788657829244,Sun Sep 06 2026 01:23:49 GMT+0000 (UTC),0,,,6,-69.8,99.5,570.9,22.9,
,,,,,,,SOLO,1788657863112,Sun Sep 06 2026 01:24:23 GMT+0000 (UTC),0,,,6,98.5,-71,553.9,22.8,
,,,,,,,SOLO,1788657904056,Sun Sep 06 2026 01:25:04 GMT+0000 (UTC),0,,,5,194.8,-18.6,566.3,22.7,
,,,,,,,SOLO,1788657964928,Sun Sep 06 2026 01:26:04 GMT+0000 (UTC),0,,,5,186.3,-76.6,557,22,
,,,,,,,SOLO,1788658027313,Sun Sep 06 2026 01:27:07 GMT+0000 (UTC),0,,,6,18.1,-104.3,570,21.5,
,,,,,,,SOLO,1788658053322,Sun Sep 06 2026 01:27:33 GMT+0000 (UTC),0,,,X,7.8,26.4,560.2,21.5,
,,,,,,,SOLO,1788658070790,Sun Sep 06 2026 01:27:50 GMT+0000 (UTC),0,,,X,-50.1,43.4,559,21.5,
,,,,,,,SOLO,1788658101450,Sun Sep 06 2026 01:28:21 GMT+0000 (UTC),0,,,6,-54.9,73.4,558.1,21.3,
,,,,,,,SOLO,1788658119103,Sun Sep 06 2026 01:28:39 GMT+0000 (UTC),0,,,X,5.3,33.8,551.6,21.3,
### next string,,,,,,,,,,,,,,,,,,
D Dupree,Lockhart 1,AU-LR,2300,1695,25.6,15.6,,,,,,,,,,,,
,,,,,,,SOLO,1788657801571,Sun Sep 06 2026 01:23:21 GMT+0000 (UTC),0,,sighter,5,-197.7,-166.9,499.6,24.5,
,,,,,,,SOLO,1788657878992,Sun Sep 06 2026 01:24:38 GMT+0000 (UTC),0,,,6,-28,115.1,487.8,24.3,
,,,,,,,SOLO,1788657940866,Sun Sep 06 2026 01:25:40 GMT+0000 (UTC),0,,,4,355.2,-39.9,491,24.4,
,,,,,,,SOLO,1788657990939,Sun Sep 06 2026 01:26:30 GMT+0000 (UTC),0,,,6,-20.7,-122,494.1,24.1,
,,,,,,,SOLO,1788658026851,Sun Sep 06 2026 01:27:06 GMT+0000 (UTC),0,,,6,-101.7,-66.2,490.8,24,
,,,,,,,SOLO,1788658049105,Sun Sep 06 2026 01:27:29 GMT+0000 (UTC),0,,,5,-110.7,76,497.5,23.8,
,,,,,,,SOLO,1788658089578,Sun Sep 06 2026 01:28:09 GMT+0000 (UTC),0,,,4,-253.7,79.9,495.4,23.5,
,,,,,,,SOLO,1788658108043,Sun Sep 06 2026 01:28:28 GMT+0000 (UTC),0,,,5,54.4,-122,488.5,23.5,
,,,,,,,SOLO,1788658123927,Sun Sep 06 2026 01:28:43 GMT+0000 (UTC),0,,,X,-43.9,48,528.6,23.4,
,,,,,,,SOLO,1788658150179,Sun Sep 06 2026 01:29:10 GMT+0000 (UTC),0,,,6,107.9,41.8,485.5,23.3,
,,,,,,,SOLO,1788658176607,Sun Sep 06 2026 01:29:36 GMT+0000 (UTC),0,,,6,7.4,77.1,492.4,23.2,
### next string,,,,,,,,,,,,,,,,,,
A Sarri,Lockhart 2,AU-LR,2300,1695,-0.2,19,,,,,,,,,,,,
,,,,,,,SOLO,1788658110361,Sun Sep 06 2026 01:28:30 GMT+0000 (UTC),0,,sighter,5,107.3,-100,541.3,23.4,
,,,,,,,SOLO,1788658143181,Sun Sep 06 2026 01:29:03 GMT+0000 (UTC),0,,,6,102.1,-5,548.1,23.5,
,,,,,,,SOLO,1788658161939,Sun Sep 06 2026 01:29:21 GMT+0000 (UTC),0,,,X,1.4,-6.3,542.4,23.4,
,,,,,,,SOLO,1788658173490,Sun Sep 06 2026 01:29:33 GMT+0000 (UTC),0,,,5,-145.8,-15.3,550.1,23.1,
,,,,,,,SOLO,1788658188158,Sun Sep 06 2026 01:29:48 GMT+0000 (UTC),0,,,X,0.7,39.8,560.6,23.4,
,,,,,,,SOLO,1788658199104,Sun Sep 06 2026 01:29:59 GMT+0000 (UTC),0,,,6,76.5,0.8,563.2,23.3,
,,,,,,,SOLO,1788658210510,Sun Sep 06 2026 01:30:10 GMT+0000 (UTC),0,,,6,-55.3,-75.3,562.1,23,
,,,,,,,SOLO,1788658223992,Sun Sep 06 2026 01:30:23 GMT+0000 (UTC),0,,,6,-90.7,-5.6,550.2,23.1,
,,,,,,,SOLO,1788658236012,Sun Sep 06 2026 01:30:36 GMT+0000 (UTC),0,,,5,63.7,-132.1,553.4,23.1,
,,,,,,,SOLO,1788658253053,Sun Sep 06 2026 01:30:53 GMT+0000 (UTC),0,,,5,-105,157.1,553.4,23.4,
,,,,,,,SOLO,1788658271436,Sun Sep 06 2026 01:31:11 GMT+0000 (UTC),0,,,6,-85.9,-2,544.6,23.4,
### next string,,,,,,,,,,,,,,,,,,
Mark Anstee,Lockhart 4,AU-LR,2300,1695,-12.5,23.8,,,,,,,,,,,,
,,,,,,,SOLO,1788658219037,Sun Sep 06 2026 01:30:19 GMT+0000 (UTC),0,,sighter,5,58.6,-184.2,531.3,22.6,
,,,,,,,SOLO,1788658246318,Sun Sep 06 2026 01:30:46 GMT+0000 (UTC),0,,sighter,5,57.5,-122.5,522.1,22.4,
,,,,,,,SOLO,1788658277394,Sun Sep 06 2026 01:31:17 GMT+0000 (UTC),0,,,6,-51.1,-59.1,524.2,22.6,
,,,,,,,SOLO,1788658336212,Sun Sep 06 2026 01:32:16 GMT+0000 (UTC),0,,,X,-21.1,-36.5,527.1,22.9,
,,,,,,,SOLO,1788658377996,Sun Sep 06 2026 01:32:57 GMT+0000 (UTC),0,,,5,-33.1,-189,519.8,22.7,
,,,,,,,SOLO,1788658548434,Sun Sep 06 2026 01:35:48 GMT+0000 (UTC),0,,,6,59.7,-37.8,530.3,23.6,
,,,,,,,SOLO,1788658570368,Sun Sep 06 2026 01:36:10 GMT+0000 (UTC),0,,,X,63,-22.9,518.1,23.3,
,,,,,,,SOLO,1788658591018,Sun Sep 06 2026 01:36:31 GMT+0000 (UTC),0,,,5,141.2,74.1,527.3,23.4,
,,,,,,,SOLO,1788658618966,Sun Sep 06 2026 01:36:58 GMT+0000 (UTC),0,,,6,41.5,109.1,524.8,23.2,
,,,,,,,SOLO,1788658638446,Sun Sep 06 2026 01:37:18 GMT+0000 (UTC),0,,,6,107.5,63.7,522.1,23.6,
,,,,,,,SOLO,1788658656817,Sun Sep 06 2026 01:37:36 GMT+0000 (UTC),0,,,6,80.1,35.4,522.2,22.9,
,,,,,,,SOLO,1788658679448,Sun Sep 06 2026 01:37:59 GMT+0000 (UTC),0,,,6,52.4,50.4,524.8,23.1,
### next string,,,,,,,,,,,,,,,,,,
Sharp,Lockhart 3,AU-LR,2300,1695,18.1,4,,,,,,,,,,,,
,,,,,,,SOLO,1788658251718,Sun Sep 06 2026 01:30:51 GMT+0000 (UTC),0,,sighter,6,11.1,-103,465.3,20.9,
,,,,,,,SOLO,1788658312409,Sun Sep 06 2026 01:31:52 GMT+0000 (UTC),0,,sighter,5,154,-139.1,459.1,21.3,
,,,,,,,SOLO,1788658507565,Sun Sep 06 2026 01:35:07 GMT+0000 (UTC),0,,,5,217.4,84.6,461.7,22.3,
,,,,,,,SOLO,1788658533813,Sun Sep 06 2026 01:35:33 GMT+0000 (UTC),0,,,X,24,41,460.9,22.3,
,,,,,,,SOLO,1788658553737,Sun Sep 06 2026 01:35:53 GMT+0000 (UTC),0,,,6,116.6,48.9,457.7,22.3,
,,,,,,,SOLO,1788658572202,Sun Sep 06 2026 01:36:12 GMT+0000 (UTC),0,,,X,21.9,-6.5,463.1,22.3,
,,,,,,,SOLO,1788658589997,Sun Sep 06 2026 01:36:29 GMT+0000 (UTC),0,,,5,211.4,-5.1,460.1,22.2,
,,,,,,,SOLO,1788658610860,Sun Sep 06 2026 01:36:50 GMT+0000 (UTC),0,,,5,147.4,-23.6,452.5,21.9,
,,,,,,,SOLO,1788658644132,Sun Sep 06 2026 01:37:24 GMT+0000 (UTC),0,,,6,84.9,100.1,457.7,21.7,
,,,,,,,SOLO,1788658692525,Sun Sep 06 2026 01:38:12 GMT+0000 (UTC),0,,,X,13.2,2.5,456.5,21.6,
,,,,,,,SOLO,1788658713518,Sun Sep 06 2026 01:38:33 GMT+0000 (UTC),0,,,X,21,24.7,458.4,21.4,
,,,,,,,SOLO,1788658741230,Sun Sep 06 2026 01:39:01 GMT+0000 (UTC),0,,,X,-18.1,12.5,455.4,21.1,
### next string,,,,,,,,,,,,,,,,,,
Kieren styles,Lockhart 2,AU-LR,2300,1695,-0.2,19,,,,,,,,,,,,
,,,,,,,SOLO,1788658484020,Sun Sep 06 2026 01:34:44 GMT+0000 (UTC),0,,sighter,4,273.3,131.3,459.6,24.5,
,,,,,,,SOLO,1788658511378,Sun Sep 06 2026 01:35:11 GMT+0000 (UTC),0,,sighter,5,-6.9,-161.4,457.6,24.7,
,,,,,,,SOLO,1788658541533,Sun Sep 06 2026 01:35:41 GMT+0000 (UTC),0,,,5,183.3,122.6,457,24.2,
,,,,,,,SOLO,1788658566468,Sun Sep 06 2026 01:36:06 GMT+0000 (UTC),0,,,5,155.6,-192.6,460,24.5,
,,,,,,,SOLO,1788658583678,Sun Sep 06 2026 01:36:23 GMT+0000 (UTC),0,,,5,133.3,75.8,451.7,24.3,
,,,,,,,SOLO,1788658595135,Sun Sep 06 2026 01:36:35 GMT+0000 (UTC),0,,,X,-0.7,60.5,456.2,24.2,
,,,,,,,SOLO,1788658602909,Sun Sep 06 2026 01:36:42 GMT+0000 (UTC),0,,,6,100.3,-4.2,453.4,24.2,
,,,,,,,SOLO,1788658609969,Sun Sep 06 2026 01:36:49 GMT+0000 (UTC),0,,,6,38,73,452.7,24,
,,,,,,,SOLO,1788658615479,Sun Sep 06 2026 01:36:55 GMT+0000 (UTC),0,,,6,17.8,120.3,449.2,24.2,
,,,,,,,SOLO,1788658621520,Sun Sep 06 2026 01:37:01 GMT+0000 (UTC),0,,,6,26.7,-127.2,457.8,24.1,
,,,,,,,SOLO,1788658626597,Sun Sep 06 2026 01:37:06 GMT+0000 (UTC),0,,,6,-24.9,116.3,454.1,24.1,
,,,,,,,SOLO,1788658631908,Sun Sep 06 2026 01:37:11 GMT+0000 (UTC),0,,,5,-127.3,106.4,458.3,23.9,
### next string,,,,,,,,,,,,,,,,,,
D Phipps,Lockhart 4,AU-LR,2300,1695,-12.5,23.8,,,,,,,,,,,,
,,,,,,,SOLO,1788658765223,Sun Sep 06 2026 01:39:25 GMT+0000 (UTC),0,,sighter,5,142.5,-3.5,494.1,22.6,
,,,,,,,SOLO,1788658781177,Sun Sep 06 2026 01:39:41 GMT+0000 (UTC),0,,,X,7.5,42,496.1,22.4,
,,,,,,,SOLO,1788658793263,Sun Sep 06 2026 01:39:53 GMT+0000 (UTC),0,,,6,-62,49.4,495.8,22.5,
,,,,,,,SOLO,1788658807720,Sun Sep 06 2026 01:40:07 GMT+0000 (UTC),0,,,6,39.7,-71.8,493,22.4,
,,,,,,,SOLO,1788658817419,Sun Sep 06 2026 01:40:17 GMT+0000 (UTC),0,,,6,95.7,-77.8,496.8,22.3,
,,,,,,,SOLO,1788658830423,Sun Sep 06 2026 01:40:30 GMT+0000 (UTC),0,,,6,47.4,-61.8,493,22.4,
,,,,,,,SOLO,1788658845541,Sun Sep 06 2026 01:40:45 GMT+0000 (UTC),0,,,6,-87.8,21.8,494.7,22.5,
,,,,,,,SOLO,1788658859181,Sun Sep 06 2026 01:40:59 GMT+0000 (UTC),0,,,6,-32.2,78.9,494.3,22.7,
,,,,,,,SOLO,1788658871837,Sun Sep 06 2026 01:41:11 GMT+0000 (UTC),0,,,6,-80.6,66.4,493.6,22.6,
,,,,,,,SOLO,1788658883850,Sun Sep 06 2026 01:41:23 GMT+0000 (UTC),0,,,X,5.7,36.4,498.1,22.6,
,,,,,,,SOLO,1788658896987,Sun Sep 06 2026 01:41:36 GMT+0000 (UTC),0,,,6,6.4,100.2,489.1,22.7,
### next string,,,,,,,,,,,,,,,,,,
Paul Golden,Lockhart 1,AU-LR,2300,1695,25.6,15.6,,,,,,,,,,,,
,,,,,,,SOLO,1788662961166,Sun Sep 06 2026 02:49:21 GMT+0000 (UTC),0,,sighter,2,435.2,596.9,423.8,22.5,
,,,,,,,SOLO,1788662990791,Sun Sep 06 2026 02:49:50 GMT+0000 (UTC),0,,sighter,5,173.3,-27.4,428.3,22.6,
,,,,,,,SOLO,1788663011686,Sun Sep 06 2026 02:50:11 GMT+0000 (UTC),0,,,5,179.6,-138.7,423.8,22.2,
,,,,,,,SOLO,1788663032545,Sun Sep 06 2026 02:50:32 GMT+0000 (UTC),0,,,5,-70.1,-130.2,423.5,22.8,
,,,,,,,SOLO,1788663052373,Sun Sep 06 2026 02:50:52 GMT+0000 (UTC),0,,,5,116.6,154.3,420.6,23.5,
,,,,,,,SOLO,1788663076419,Sun Sep 06 2026 02:51:16 GMT+0000 (UTC),0,,,6,37.8,-76.7,428.9,23,
,,,,,,,SOLO,1788663097861,Sun Sep 06 2026 02:51:37 GMT+0000 (UTC),0,,,5,29.6,-197.9,423.1,23,
,,,,,,,SOLO,1788663115721,Sun Sep 06 2026 02:51:55 GMT+0000 (UTC),0,,,X,-15.7,42.5,426,23.2,
,,,,,,,SOLO,1788663137787,Sun Sep 06 2026 02:52:17 GMT+0000 (UTC),0,,,5,69.2,-226.6,426.9,26.7,
,,,,,,,SOLO,1788663159211,Sun Sep 06 2026 02:52:39 GMT+0000 (UTC),0,,,6,62.7,-83.9,425.3,23.6,
,,,,,,,SOLO,1788663174059,Sun Sep 06 2026 02:52:54 GMT+0000 (UTC),0,,,6,83,36.5,427.3,23.7,
,,,,,,,SOLO,1788663189570,Sun Sep 06 2026 02:53:09 GMT+0000 (UTC),0,,,6,-51.7,76.3,437.1,23.5,
,,,,,,,SOLO,1788663208316,Sun Sep 06 2026 02:53:28 GMT+0000 (UTC),0,,,5,-24.9,-237.8,422.2,25.1,
,,,,,,,SOLO,1788663221830,Sun Sep 06 2026 02:53:41 GMT+0000 (UTC),0,,,6,41.9,-92.3,424.6,24.9,
,,,,,,,SOLO,1788663243030,Sun Sep 06 2026 02:54:03 GMT+0000 (UTC),0,,,5,4.7,-160.4,422.4,23.9,
,,,,,,,SOLO,1788663269213,Sun Sep 06 2026 02:54:29 GMT+0000 (UTC),0,,,6,-98.1,-15.4,430.9,24,
,,,,,,,SOLO,1788663291507,Sun Sep 06 2026 02:54:51 GMT+0000 (UTC),0,,,5,97.6,-103,428,24.3,
### next string,,,,,,,,,,,,,,,,,,
May,Lockhart 3,AU-LR,2300,1695,18.1,4,,,,,,,,,,,,
,,,,,,,SOLO,1788662962396,Sun Sep 06 2026 02:49:22 GMT+0000 (UTC),0,,sighter,3,449.8,303.9,438,20.6,
,,,,,,,SOLO,1788663037232,Sun Sep 06 2026 02:50:37 GMT+0000 (UTC),0,,sighter,5,96.8,-99.6,438.9,21.1,
,,,,,,,SOLO,1788663064397,Sun Sep 06 2026 02:51:04 GMT+0000 (UTC),0,,,6,3.4,84.4,439.7,21.3,
,,,,,,,SOLO,1788663086787,Sun Sep 06 2026 02:51:26 GMT+0000 (UTC),0,,,5,160.4,75.4,440.9,21.4,
,,,,,,,SOLO,1788663108589,Sun Sep 06 2026 02:51:48 GMT+0000 (UTC),0,,,5,179.7,164.2,445.9,21.6,
,,,,,,,SOLO,1788663133790,Sun Sep 06 2026 02:52:13 GMT+0000 (UTC),0,,,6,88.5,-88.1,437,21.9,
,,,,,,,SOLO,1788663151926,Sun Sep 06 2026 02:52:31 GMT+0000 (UTC),0,,,X,-7.5,-62.5,438.5,22.1,
,,,,,,,SOLO,1788663166972,Sun Sep 06 2026 02:52:46 GMT+0000 (UTC),0,,,5,-96.6,-179.5,436.8,22.1,
,,,,,,,SOLO,1788663185309,Sun Sep 06 2026 02:53:05 GMT+0000 (UTC),0,,,5,-156.1,-143.1,437.4,22.3,
,,,,,,,SOLO,1788663209401,Sun Sep 06 2026 02:53:29 GMT+0000 (UTC),0,,,6,-46,55.5,437.8,22.5,
,,,,,,,SOLO,1788663228082,Sun Sep 06 2026 02:53:48 GMT+0000 (UTC),0,,,X,7.9,67,440,22.7,
,,,,,,,SOLO,1788663257491,Sun Sep 06 2026 02:54:17 GMT+0000 (UTC),0,,,X,19.5,15.1,427.8,22.9,
,,,,,,,SOLO,1788663275228,Sun Sep 06 2026 02:54:35 GMT+0000 (UTC),0,,,5,180.3,17.7,422.4,22.8,
,,,,,,,SOLO,1788663298562,Sun Sep 06 2026 02:54:58 GMT+0000 (UTC),0,,,5,114.1,-119.8,428,22.9,
,,,,,,,SOLO,1788663318543,Sun Sep 06 2026 02:55:18 GMT+0000 (UTC),0,,,5,-151.2,-113.2,419.8,23.1,
,,,,,,,SOLO,1788663343874,Sun Sep 06 2026 02:55:43 GMT+0000 (UTC),0,,,5,-108.4,-76,427.7,23.1,
,,,,,,,SOLO,1788663361861,Sun Sep 06 2026 02:56:01 GMT+0000 (UTC),0,,,4,206.2,-195.4,426.3,23.1,
### next string,,,,,,,,,,,,,,,,,,
T tugwell,Lockhart 2,AU-LR,2300,1695,-0.2,19,,,,,,,,,,,,
,,,,,,,SOLO,1788663534571,Sun Sep 06 2026 02:58:54 GMT+0000 (UTC),0,,sighter,5,6,184.8,428.1,25.1,
,,,,,,,SOLO,1788663612973,Sun Sep 06 2026 03:00:12 GMT+0000 (UTC),0,,,4,-11.3,262.7,429.7,24.8,
,,,,,,,SOLO,1788663655990,Sun Sep 06 2026 03:00:55 GMT+0000 (UTC),0,,,6,3.2,-121.3,426,23.8,
,,,,,,,SOLO,1788663694139,Sun Sep 06 2026 03:01:34 GMT+0000 (UTC),0,,,5,85.1,148.4,436.4,24.1,
,,,,,,,SOLO,1788663728657,Sun Sep 06 2026 03:02:08 GMT+0000 (UTC),0,,,6,-51,-101,429.3,24.2,
,,,,,,,SOLO,1788663753497,Sun Sep 06 2026 03:02:33 GMT+0000 (UTC),0,,,6,-89.6,-27.7,436.2,24.9,
,,,,,,,SOLO,1788663775054,Sun Sep 06 2026 03:02:55 GMT+0000 (UTC),0,,,6,49.3,-103.4,430.2,24.1,
,,,,,,,SOLO,1788663794517,Sun Sep 06 2026 03:03:14 GMT+0000 (UTC),0,,,5,11.5,-238.8,428.9,24,
,,,,,,,SOLO,1788663814325,Sun Sep 06 2026 03:03:34 GMT+0000 (UTC),0,,,6,-29.2,-105.9,434.2,24.1,
,,,,,,,SOLO,1788663833112,Sun Sep 06 2026 03:03:53 GMT+0000 (UTC),0,,,5,-99.3,-169.9,429.3,24,
,,,,,,,SOLO,1788663857688,Sun Sep 06 2026 03:04:17 GMT+0000 (UTC),0,,,6,68.8,-48,429.2,23.9,
,,,,,,,SOLO,1788663872798,Sun Sep 06 2026 03:04:32 GMT+0000 (UTC),0,,,X,-12.4,-24.8,435.8,26.7,
,,,,,,,SOLO,1788663886939,Sun Sep 06 2026 03:04:46 GMT+0000 (UTC),0,,,6,-108.7,-40.3,422.7,23.8,
,,,,,,,SOLO,1788663903420,Sun Sep 06 2026 03:05:03 GMT+0000 (UTC),0,,,5,55.3,-135.2,424,23.8,
,,,,,,,SOLO,1788663951133,Sun Sep 06 2026 03:05:51 GMT+0000 (UTC),0,,,4,-190.4,-363.3,420.3,23.8,
,,,,,,,SOLO,1788663964059,Sun Sep 06 2026 03:06:04 GMT+0000 (UTC),0,,,5,111.5,-149.7,425.7,23.8,
### next string,,,,,,,,,,,,,,,,,,
D Daniel,Lockhart 1,AU-LR,2300,1695,25.6,15.6,,,,,,,,,,,,
,,,,,,,SOLO,1788663420479,Sun Sep 06 2026 02:57:00 GMT+0000 (UTC),0,,,5,96.6,112.3,423.3,24.6,
,,,,,,,SOLO,1788663446527,Sun Sep 06 2026 02:57:26 GMT+0000 (UTC),0,,,5,176.6,78.4,425.1,24.5,
,,,,,,,SOLO,1788663487411,Sun Sep 06 2026 02:58:07 GMT+0000 (UTC),0,,,4,197.3,-220.1,421.6,24.5,
,,,,,,,SOLO,1788663533456,Sun Sep 06 2026 02:58:53 GMT+0000 (UTC),0,,,5,96.4,109.5,429.1,24.4,
,,,,,,,SOLO,1788663558748,Sun Sep 06 2026 02:59:18 GMT+0000 (UTC),0,,,3,-455.2,93.3,420.8,24.5,
,,,,,,,SOLO,1788663724790,Sun Sep 06 2026 03:02:04 GMT+0000 (UTC),0,,,V,16.7,-88.3,430.9,26.6,
,,,,,,,SOLO,1788663749069,Sun Sep 06 2026 03:02:29 GMT+0000 (UTC),0,,,4,-213,-181.1,424,23.6,
,,,,,,,SOLO,1788663772677,Sun Sep 06 2026 03:02:52 GMT+0000 (UTC),0,,,4,-63.3,-405.1,421.6,23.5,
,,,,,,,SOLO,1788663828084,Sun Sep 06 2026 03:03:48 GMT+0000 (UTC),0,,,5,-73.2,-119.8,423.6,23.4,
,,,,,,,SOLO,1788663859604,Sun Sep 06 2026 03:04:19 GMT+0000 (UTC),0,,,4,-188.8,-239.2,425.3,23.3,
,,,,,,,SOLO,1788663911001,Sun Sep 06 2026 03:05:11 GMT+0000 (UTC),0,,,V,13.5,-17.5,432.4,22.5,
,,,,,,,SOLO,1788663960784,Sun Sep 06 2026 03:06:00 GMT+0000 (UTC),0,,,4,-118,-269.8,421.8,23.2,
,,,,,,,SOLO,1788663998793,Sun Sep 06 2026 03:06:38 GMT+0000 (UTC),0,,,4,-319.9,57.2,418.9,23.4,
,,,,,,,SOLO,1788664032826,Sun Sep 06 2026 03:07:12 GMT+0000 (UTC),0,,,V,100.1,-45.3,425.4,23.4,
,,,,,,,SOLO,1788664076988,Sun Sep 06 2026 03:07:56 GMT+0000 (UTC),0,,,V,46.8,-84.8,434.5,23.5,
### next string,,,,,,,,,,,,,,,,,,
Shepherd,Lockhart 4,AU-LR,2300,1695,-12.5,23.8,,,,,,,,,,,,
,,,,,,,SOLO,1788663077141,Sun Sep 06 2026 02:51:17 GMT+0000 (UTC),0,,sighter,4,86.7,360.2,434.1,22.9,
,,,,,,,SOLO,1788663141739,Sun Sep 06 2026 02:52:21 GMT+0000 (UTC),0,,sighter,4,268.2,76.7,436.2,23.3,
,,,,,,,SOLO,1788663187907,Sun Sep 06 2026 02:53:07 GMT+0000 (UTC),0,,,V,-36.4,35.8,439,23.6,
,,,,,,,SOLO,1788663351430,Sun Sep 06 2026 02:55:51 GMT+0000 (UTC),0,,,V,-1.6,24.6,433.3,24.2,
,,,,,,,SOLO,1788663392768,Sun Sep 06 2026 02:56:32 GMT+0000 (UTC),0,,,5,151.5,13.9,431.3,24.1,
,,,,,,,SOLO,1788663474187,Sun Sep 06 2026 02:57:54 GMT+0000 (UTC),0,,,5,238.8,78.2,432.4,24.2,
,,,,,,,SOLO,1788663516026,Sun Sep 06 2026 02:58:36 GMT+0000 (UTC),0,,,5,-175.7,125.4,429.6,24.5,
,,,,,,,SOLO,1788663551079,Sun Sep 06 2026 02:59:11 GMT+0000 (UTC),0,,,5,84,-128.5,427.7,24.4,
,,,,,,,SOLO,1788663592437,Sun Sep 06 2026 02:59:52 GMT+0000 (UTC),0,,,5,-145.7,12.3,429.7,24,
,,,,,,,SOLO,1788663662935,Sun Sep 06 2026 03:01:02 GMT+0000 (UTC),0,,,V,-18.2,58.6,432.3,26.3,
,,,,,,,SOLO,1788663688423,Sun Sep 06 2026 03:01:28 GMT+0000 (UTC),0,,,V,129.5,-18.8,429.2,23.4,
,,,,,,,SOLO,1788663713770,Sun Sep 06 2026 03:01:53 GMT+0000 (UTC),0,,,5,189.3,20.7,428.3,23.4,
,,,,,,,SOLO,1788663747153,Sun Sep 06 2026 03:02:27 GMT+0000 (UTC),0,,,5,-163.8,-58.1,433,23.4,
,,,,,,,SOLO,1788663807513,Sun Sep 06 2026 03:03:27 GMT+0000 (UTC),0,,,5,-214.8,-21,445.4,23.3,
,,,,,,,SOLO,1788663862571,Sun Sep 06 2026 03:04:22 GMT+0000 (UTC),0,,,5,-53.1,-179.4,431.5,23,
,,,,,,,SOLO,1788663905493,Sun Sep 06 2026 03:05:05 GMT+0000 (UTC),0,,,5,185.5,-19.5,431.9,22.4,
,,,,,,,SOLO,1788664215449,Sun Sep 06 2026 03:10:15 GMT+0000 (UTC),0,,,3,-455.7,74.6,433,23.1,
### next string,,,,,,,,,,,,,,,,,,
Brindley S,Lockhart 3,AU-LR,2300,1695,18.1,4,,,,,,,,,,,,
,,,,,,,SOLO,1788663562862,Sun Sep 06 2026 02:59:22 GMT+0000 (UTC),0,,,V,63.6,18.7,415.4,22.9,
,,,,,,,SOLO,1788663625032,Sun Sep 06 2026 03:00:25 GMT+0000 (UTC),0,,,5,7.4,-134.7,409.4,22.2,
,,,,,,,SOLO,1788663722135,Sun Sep 06 2026 03:02:02 GMT+0000 (UTC),0,,,V,22.3,-84.4,403.7,22.3,
,,,,,,,SOLO,1788663760300,Sun Sep 06 2026 03:02:40 GMT+0000 (UTC),0,,,5,-139.4,-0.8,411.9,22.2,
,,,,,,,SOLO,1788663804345,Sun Sep 06 2026 03:03:24 GMT+0000 (UTC),0,,,V,110.5,28.6,416.2,21.9,
,,,,,,,SOLO,1788663843835,Sun Sep 06 2026 03:04:03 GMT+0000 (UTC),0,,,5,-16.8,-237.7,414.1,21.7,
,,,,,,,SOLO,1788663889626,Sun Sep 06 2026 03:04:49 GMT+0000 (UTC),0,,,5,-179.3,-46.4,415.1,21.8,
,,,,,,,SOLO,1788663948144,Sun Sep 06 2026 03:05:48 GMT+0000 (UTC),0,,,V,113.3,-56.3,408.8,21.8,
,,,,,,,SOLO,1788664065350,Sun Sep 06 2026 03:07:45 GMT+0000 (UTC),0,,,V,3.8,-95.2,414,22.1,
,,,,,,,SOLO,1788664114008,Sun Sep 06 2026 03:08:34 GMT+0000 (UTC),0,,,5,-129.3,-145.6,411.8,21.9,
,,,,,,,SOLO,1788664177603,Sun Sep 06 2026 03:09:37 GMT+0000 (UTC),0,,,V,-45.1,-34.7,415.1,21.9,
,,,,,,,SOLO,1788664220182,Sun Sep 06 2026 03:10:20 GMT+0000 (UTC),0,,,5,190.4,28.4,412.4,21.9,
,,,,,,,SOLO,1788664252590,Sun Sep 06 2026 03:10:52 GMT+0000 (UTC),0,,,V,34.3,-9.5,420,22.1,
,,,,,,,SOLO,1788664305626,Sun Sep 06 2026 03:11:45 GMT+0000 (UTC),0,,,4,343.8,-60,409,21.8,
,,,,,,,SOLO,1788664393474,Sun Sep 06 2026 03:13:13 GMT+0000 (UTC),0,,,4,273.4,150.7,417.2,21.4,
### next string,,,,,,,,,,,,,,,,,,
Mark stress,Lockhart 1,AU-LR,2300,1695,25.6,15.6,,,,,,,,,,,,
,,,,,,,SOLO,1788664219419,Sun Sep 06 2026 03:10:19 GMT+0000 (UTC),0,,sighter,2,679.7,-191.8,421.2,23.9,
,,,,,,,SOLO,1788664301115,Sun Sep 06 2026 03:11:41 GMT+0000 (UTC),0,,sighter,3,480.4,151.7,421.9,23.6,
,,,,,,,SOLO,1788664405502,Sun Sep 06 2026 03:13:25 GMT+0000 (UTC),0,,,V,0.2,38.6,424.9,23.1,
,,,,,,,SOLO,1788664422333,Sun Sep 06 2026 03:13:42 GMT+0000 (UTC),0,,,5,-81.8,155.3,426.3,23.1,
,,,,,,,SOLO,1788664443251,Sun Sep 06 2026 03:14:03 GMT+0000 (UTC),0,,,V,76.1,-41,424.1,23.2,
,,,,,,,SOLO,1788664459325,Sun Sep 06 2026 03:14:19 GMT+0000 (UTC),0,,,V,-58,35.7,422,22.9,
,,,,,,,SOLO,1788664485115,Sun Sep 06 2026 03:14:45 GMT+0000 (UTC),0,,,3,-479.7,63.8,430.3,22.9,
,,,,,,,SOLO,1788664528036,Sun Sep 06 2026 03:15:28 GMT+0000 (UTC),0,,,V,-51.8,57,424.8,22.8,
,,,,,,,SOLO,1788664576794,Sun Sep 06 2026 03:16:16 GMT+0000 (UTC),0,,,5,153.1,48.5,422.6,22.6,
,,,,,,,SOLO,1788664596198,Sun Sep 06 2026 03:16:36 GMT+0000 (UTC),0,,,V,-25.8,18.4,428.5,22.7,
,,,,,,,SOLO,1788664610881,Sun Sep 06 2026 03:16:50 GMT+0000 (UTC),0,,,V,-98.4,82.2,421.4,22.7,
,,,,,,,SOLO,1788664623675,Sun Sep 06 2026 03:17:03 GMT+0000 (UTC),0,,,5,-140.3,35.6,428.1,22.7,
,,,,,,,SOLO,1788664639492,Sun Sep 06 2026 03:17:19 GMT+0000 (UTC),0,,,V,-19.4,-82,420.7,22.6,
,,,,,,,SOLO,1788664657932,Sun Sep 06 2026 03:17:37 GMT+0000 (UTC),0,,,V,14.8,-16,420,22.6,
,,,,,,,SOLO,1788664672254,Sun Sep 06 2026 03:17:52 GMT+0000 (UTC),0,,,5,-204.2,67.6,423.3,22.7,
,,,,,,,SOLO,1788664696458,Sun Sep 06 2026 03:18:16 GMT+0000 (UTC),0,,,3,-455.8,77.7,421.4,22.7,
,,,,,,,SOLO,1788664737321,Sun Sep 06 2026 03:18:57 GMT+0000 (UTC),0,,,4,-334.8,-25.3,422.4,22.5,
### next string,,,,,,,,,,,,,,,,,,
S Daniel 27,Lockhart 2,AU-LR,2300,1695,-0.2,19,,,,,,,,,,,,
,,,,,,,SOLO,1788664099480,Sun Sep 06 2026 03:08:19 GMT+0000 (UTC),0,,sighter,4,-395.7,-21.4,411.4,24.2,
,,,,,,,SOLO,1788664171947,Sun Sep 06 2026 03:09:31 GMT+0000 (UTC),0,,,5,8.1,210.7,419.4,24.2,
,,,,,,,SOLO,1788664234432,Sun Sep 06 2026 03:10:34 GMT+0000 (UTC),0,,,4,293.9,99.4,425.1,24.2,
,,,,,,,SOLO,1788664300563,Sun Sep 06 2026 03:11:40 GMT+0000 (UTC),0,,,4,137.8,341.3,414.6,23.9,
,,,,,,,SOLO,1788664353609,Sun Sep 06 2026 03:12:33 GMT+0000 (UTC),0,,,5,-208.1,-131.5,411.2,23.8,
,,,,,,,SOLO,1788664467567,Sun Sep 06 2026 03:14:27 GMT+0000 (UTC),0,,,V,27.2,7.5,425.8,23.4,
,,,,,,,SOLO,1788664512767,Sun Sep 06 2026 03:15:12 GMT+0000 (UTC),0,,,5,79.9,112.7,410.8,23.1,
,,,,,,,SOLO,1788664550445,Sun Sep 06 2026 03:15:50 GMT+0000 (UTC),0,,,4,-372.9,-46.9,415.2,22.8,
,,,,,,,SOLO,1788664634134,Sun Sep 06 2026 03:17:14 GMT+0000 (UTC),0,,,2,-601.2,123.1,406,23.2,
,,,,,,,SOLO,1788664697998,Sun Sep 06 2026 03:18:17 GMT+0000 (UTC),0,,,5,150.1,-26.9,409.9,23.1,
,,,,,,,SOLO,1788664721948,Sun Sep 06 2026 03:18:41 GMT+0000 (UTC),0,,,5,66.3,148.4,413.6,23.3,
,,,,,,,SOLO,1788664744731,Sun Sep 06 2026 03:19:04 GMT+0000 (UTC),0,,,V,27.5,-5.8,407.9,24.4,
,,,,,,,SOLO,1788664766909,Sun Sep 06 2026 03:19:26 GMT+0000 (UTC),0,,,5,-105.9,221.3,407.9,23.1,
,,,,,,,SOLO,1788664790170,Sun Sep 06 2026 03:19:50 GMT+0000 (UTC),0,,,4,-328.6,24.6,408.7,23.3,
,,,,,,,SOLO,1788664819210,Sun Sep 06 2026 03:20:19 GMT+0000 (UTC),0,,,5,198.4,-6,399.3,23.3,
,,,,,,,SOLO,1788664844712,Sun Sep 06 2026 03:20:44 GMT+0000 (UTC),0,,,5,161.7,73.2,410.2,22.3,
### next string,,,,,,,,,,,,,,,,,,
Matt N,Lockhart 3,AU-LR,2300,1695,18.1,4,,,,,,,,,,,,
,,,,,,,SOLO,1788664525970,Sun Sep 06 2026 03:15:25 GMT+0000 (UTC),0,,,5,-12.5,152.1,448.1,20.9,
,,,,,,,SOLO,1788664552702,Sun Sep 06 2026 03:15:52 GMT+0000 (UTC),0,,,V,111.8,-14.9,450.5,20.9,
,,,,,,,SOLO,1788664581161,Sun Sep 06 2026 03:16:21 GMT+0000 (UTC),0,,,V,-55.8,-68.3,446.8,20.7,
,,,,,,,SOLO,1788664594160,Sun Sep 06 2026 03:16:34 GMT+0000 (UTC),0,,,V,3.3,6.5,447.4,20.9,
,,,,,,,SOLO,1788664608111,Sun Sep 06 2026 03:16:48 GMT+0000 (UTC),0,,,V,-4.6,11.3,441.2,20.7,
,,,,,,,SOLO,1788664623508,Sun Sep 06 2026 03:17:03 GMT+0000 (UTC),0,,,5,-212.9,15.3,446.6,20.8,
,,,,,,,SOLO,1788664656954,Sun Sep 06 2026 03:17:36 GMT+0000 (UTC),0,,,V,31.6,62.9,444.9,20.8,
,,,,,,,SOLO,1788664696986,Sun Sep 06 2026 03:18:16 GMT+0000 (UTC),0,,,V,-44.3,36.7,446.2,20.8,
,,,,,,,SOLO,1788664712313,Sun Sep 06 2026 03:18:32 GMT+0000 (UTC),0,,,V,-53.7,-26.2,447.3,20.8,
,,,,,,,SOLO,1788664723594,Sun Sep 06 2026 03:18:43 GMT+0000 (UTC),0,,,V,-49.6,-11.3,447,20.9,
,,,,,,,SOLO,1788664742946,Sun Sep 06 2026 03:19:02 GMT+0000 (UTC),0,,,V,-32,105.5,447.8,20.8,
,,,,,,,SOLO,1788664762646,Sun Sep 06 2026 03:19:22 GMT+0000 (UTC),0,,,V,19.7,19.3,446,20.6,
,,,,,,,SOLO,1788664780486,Sun Sep 06 2026 03:19:40 GMT+0000 (UTC),0,,,5,-149.7,-77.7,447.3,20.9,
,,,,,,,SOLO,1788664822517,Sun Sep 06 2026 03:20:22 GMT+0000 (UTC),0,,,V,-12.3,-10,448,20.9,
,,,,,,,SOLO,1788664840205,Sun Sep 06 2026 03:20:40 GMT+0000 (UTC),0,,,V,15.2,16,442.6,21.1,
### next string,,,,,,,,,,,,,,,,,,
Steve Williams 900,Lockhart 4,AU-LR,2300,1695,-12.5,23.8,,,,,,,,,,,,
,,,,,,,SOLO,1788664339101,Sun Sep 06 2026 03:12:19 GMT+0000 (UTC),0,,sighter,4,355.6,-123.6,430,23,
,,,,,,,SOLO,1788664426670,Sun Sep 06 2026 03:13:46 GMT+0000 (UTC),0,,,V,22.7,84.8,439.3,22.8,
,,,,,,,SOLO,1788664502690,Sun Sep 06 2026 03:15:02 GMT+0000 (UTC),0,,,5,-138.3,122.2,433.7,22.4,
,,,,,,,SOLO,1788664539251,Sun Sep 06 2026 03:15:39 GMT+0000 (UTC),0,,,V,-108.8,-67.4,438.8,22.4,
,,,,,,,SOLO,1788664589405,Sun Sep 06 2026 03:16:29 GMT+0000 (UTC),0,,,V,17.7,20.3,430.3,22.3,
,,,,,,,SOLO,1788664652649,Sun Sep 06 2026 03:17:32 GMT+0000 (UTC),0,,,4,-326.9,95.9,431.6,22.3,
,,,,,,,SOLO,1788664690886,Sun Sep 06 2026 03:18:10 GMT+0000 (UTC),0,,,5,-111.5,-99.2,429.9,22.3,
,,,,,,,SOLO,1788664732985,Sun Sep 06 2026 03:18:52 GMT+0000 (UTC),0,,,V,-31.9,110.4,432,22.3,
,,,,,,,SOLO,1788664761529,Sun Sep 06 2026 03:19:21 GMT+0000 (UTC),0,,,V,-6.2,74,430.4,22,
,,,,,,,SOLO,1788664788569,Sun Sep 06 2026 03:19:48 GMT+0000 (UTC),0,,,5,-110.3,226.8,432.7,22.4,
,,,,,,,SOLO,1788664829953,Sun Sep 06 2026 03:20:29 GMT+0000 (UTC),0,,,V,53.7,29.4,434.9,22.4,
,,,,,,,SOLO,1788664878541,Sun Sep 06 2026 03:21:18 GMT+0000 (UTC),0,,,V,14.4,-79.4,422.5,22.6,
,,,,,,,SOLO,1788664925145,Sun Sep 06 2026 03:22:05 GMT+0000 (UTC),0,,,4,-319.9,47.6,433.7,22.8,
,,,,,,,SOLO,1788665031272,Sun Sep 06 2026 03:23:51 GMT+0000 (UTC),0,,,V,35.9,-72,423.1,23.1,
,,,,,,,SOLO,1788665061032,Sun Sep 06 2026 03:24:21 GMT+0000 (UTC),0,,,5,197.2,33.8,422.5,23.1,
,,,,,,,SOLO,1788665118507,Sun Sep 06 2026 03:25:18 GMT+0000 (UTC),0,,,3,-0.1,-461.7,419.2,22.6,
### next string,,,,,,,,,,,,,,,,,,
Alan Dukes ,Lockhart 3,AU-LR,2300,1695,18.1,4,,,,,,,,,,,,
,,,,,,,SOLO,1788665051248,Sun Sep 06 2026 03:24:11 GMT+0000 (UTC),0,,,X,-6.7,64,436.9,21.8,
,,,,,,,SOLO,1788665071236,Sun Sep 06 2026 03:24:31 GMT+0000 (UTC),0,,,X,3.3,-11.9,431.4,21.9,
,,,,,,,SOLO,1788665086662,Sun Sep 06 2026 03:24:46 GMT+0000 (UTC),0,,,X,-55.5,15.4,437.9,21.9,
,,,,,,,SOLO,1788665102024,Sun Sep 06 2026 03:25:02 GMT+0000 (UTC),0,,,5,-66.7,180.3,442,21.8,
,,,,,,,SOLO,1788665118872,Sun Sep 06 2026 03:25:18 GMT+0000 (UTC),0,,,6,-69.3,57.3,435.5,21.7,
,,,,,,,SOLO,1788665131528,Sun Sep 06 2026 03:25:31 GMT+0000 (UTC),0,,,X,-34.1,-4.4,436.9,21.6,
,,,,,,,SOLO,1788665146931,Sun Sep 06 2026 03:25:46 GMT+0000 (UTC),0,,,5,-68.7,138.8,439.2,21.4,
,,,,,,,SOLO,1788665166897,Sun Sep 06 2026 03:26:06 GMT+0000 (UTC),0,,,5,-122.6,-68,432.5,21.6,
,,,,,,,SOLO,1788665181979,Sun Sep 06 2026 03:26:21 GMT+0000 (UTC),0,,,6,-105,30.6,433.6,21.6,
,,,,,,,SOLO,1788665202466,Sun Sep 06 2026 03:26:42 GMT+0000 (UTC),0,,,5,-223.3,38.6,435.7,21.5,
,,,,,,,SOLO,1788665230911,Sun Sep 06 2026 03:27:10 GMT+0000 (UTC),0,,,6,130.3,13,436.6,21.4,
,,,,,,,SOLO,1788665245804,Sun Sep 06 2026 03:27:25 GMT+0000 (UTC),0,,,X,-29.4,-39.1,433.5,21.6,
,,,,,,,SOLO,1788665261006,Sun Sep 06 2026 03:27:41 GMT+0000 (UTC),0,,,6,-87.1,-72.1,433.8,21.6,
,,,,,,,SOLO,1788665276270,Sun Sep 06 2026 03:27:56 GMT+0000 (UTC),0,,,6,27.9,-106.9,434.9,21.3,
,,,,,,,SOLO,1788665291568,Sun Sep 06 2026 03:28:11 GMT+0000 (UTC),0,,,6,127,-16.4,435.4,21.2,
### next string,,,,,,,,,,,,,,,,,,
Doug George,Lockhart 1,AU-LR,2300,1695,25.6,15.6,,,,,,,,,,,,
,,,,,,,SOLO,1788664896002,Sun Sep 06 2026 03:21:36 GMT+0000 (UTC),0,,sighter,6,-15.3,128.6,483,23.1,
,,,,,,,SOLO,1788664922221,Sun Sep 06 2026 03:22:02 GMT+0000 (UTC),0,,sighter,5,-148,141.1,489.1,23.2,
,,,,,,,SOLO,1788665115805,Sun Sep 06 2026 03:25:15 GMT+0000 (UTC),0,,,6,114.8,-32.7,473.3,23.5,
,,,,,,,SOLO,1788665135528,Sun Sep 06 2026 03:25:35 GMT+0000 (UTC),0,,,6,15.5,104,479.7,23.3,
,,,,,,,SOLO,1788665152502,Sun Sep 06 2026 03:25:52 GMT+0000 (UTC),0,,,6,31.6,-67.1,481.8,23.3,
,,,,,,,SOLO,1788665173630,Sun Sep 06 2026 03:26:13 GMT+0000 (UTC),0,,,X,25.4,7.8,472.8,23.4,
,,,,,,,SOLO,1788665190281,Sun Sep 06 2026 03:26:30 GMT+0000 (UTC),0,,,5,77.6,-110.2,470.8,23.3,
,,,,,,,SOLO,1788665209198,Sun Sep 06 2026 03:26:49 GMT+0000 (UTC),0,,,5,-194.2,-41.9,469,23.3,
,,,,,,,SOLO,1788665229963,Sun Sep 06 2026 03:27:09 GMT+0000 (UTC),0,,,X,26.2,-28,473.6,23.2,
,,,,,,,SOLO,1788665243569,Sun Sep 06 2026 03:27:23 GMT+0000 (UTC),0,,,X,15.1,-10.3,473.3,22.6,
,,,,,,,SOLO,1788665259993,Sun Sep 06 2026 03:27:39 GMT+0000 (UTC),0,,,6,-84.5,-0.8,473.5,23.1,
,,,,,,,SOLO,1788665275763,Sun Sep 06 2026 03:27:55 GMT+0000 (UTC),0,,,X,4.7,10.2,471.4,23,
,,,,,,,SOLO,1788665289122,Sun Sep 06 2026 03:28:09 GMT+0000 (UTC),0,,,6,-3.1,71.8,477,23,
,,,,,,,SOLO,1788665301963,Sun Sep 06 2026 03:28:21 GMT+0000 (UTC),0,,,6,-86.8,-26,469.8,22.9,
,,,,,,,SOLO,1788665317988,Sun Sep 06 2026 03:28:37 GMT+0000 (UTC),0,,,6,-66.4,50.2,470.6,22.8,
,,,,,,,SOLO,1788665334346,Sun Sep 06 2026 03:28:54 GMT+0000 (UTC),0,,,X,13,31.7,470.5,22.9,
,,,,,,,SOLO,1788665352655,Sun Sep 06 2026 03:29:12 GMT+0000 (UTC),0,,,6,82.7,-10.2,469.1,22.7,
### next string,,,,,,,,,,,,,,,,,,
S Hore,Lockhart 4,AU-LR,2300,1695,-12.5,23.8,,,,,,,,,,,,
,,,,,,,SOLO,1788665304271,Sun Sep 06 2026 03:28:24 GMT+0000 (UTC),0,,sighter,4,286.4,-71.8,544.6,22.6,
,,,,,,,SOLO,1788665349111,Sun Sep 06 2026 03:29:09 GMT+0000 (UTC),0,,sighter,5,120.7,58.8,542.8,22.4,
,,,,,,,SOLO,1788665390834,Sun Sep 06 2026 03:29:50 GMT+0000 (UTC),0,,,6,-54.7,96.9,541.5,22.6,
,,,,,,,SOLO,1788665423012,Sun Sep 06 2026 03:30:23 GMT+0000 (UTC),0,,,5,-63.3,152.4,542.7,22.6,
,,,,,,,SOLO,1788665456377,Sun Sep 06 2026 03:30:56 GMT+0000 (UTC),0,,,5,84.4,-145.6,537.8,22.9,
,,,,,,,SOLO,1788665496246,Sun Sep 06 2026 03:31:36 GMT+0000 (UTC),0,,,X,-2,-37,539.6,22.4,
,,,,,,,SOLO,1788665578642,Sun Sep 06 2026 03:32:58 GMT+0000 (UTC),0,,,X,29.2,-44.4,541.6,21.9,
,,,,,,,SOLO,1788665597697,Sun Sep 06 2026 03:33:17 GMT+0000 (UTC),0,,,6,53.2,80,543.6,21.9,
,,,,,,,SOLO,1788665620430,Sun Sep 06 2026 03:33:40 GMT+0000 (UTC),0,,,6,-2,128.3,542,22,
,,,,,,,SOLO,1788665650180,Sun Sep 06 2026 03:34:10 GMT+0000 (UTC),0,,,6,-19.4,-93.1,541.9,21.9,
,,,,,,,SOLO,1788665671872,Sun Sep 06 2026 03:34:31 GMT+0000 (UTC),0,,,6,-84.9,-70.7,539,25.1,
,,,,,,,SOLO,1788665701213,Sun Sep 06 2026 03:35:01 GMT+0000 (UTC),0,,,6,-104.1,-12.9,537,21.9,
,,,,,,,SOLO,1788665721270,Sun Sep 06 2026 03:35:21 GMT+0000 (UTC),0,,,5,-191.8,78.3,535.4,21.9,
,,,,,,,SOLO,1788665787775,Sun Sep 06 2026 03:36:27 GMT+0000 (UTC),0,,,5,-153.4,27.2,543.5,21,
,,,,,,,SOLO,1788665821298,Sun Sep 06 2026 03:37:01 GMT+0000 (UTC),0,,,6,-109.4,65,543,21.7,
,,,,,,,SOLO,1788665843345,Sun Sep 06 2026 03:37:23 GMT+0000 (UTC),0,,,6,-18.1,-115.3,537.3,21.7,
,,,,,,,SOLO,1788665861927,Sun Sep 06 2026 03:37:41 GMT+0000 (UTC),0,,,6,52.5,54.7,543.4,21.8,
### next string,,,,,,,,,,,,,,,,,,
A Sarri,Lockhart 3,AU-LR,2300,1695,18.1,4,,,,,,,,,,,,
,,,,,,,SOLO,1788665626746,Sun Sep 06 2026 03:33:46 GMT+0000 (UTC),0,,sighter,5,170,185.5,514,20.4,
,,,,,,,SOLO,1788665674981,Sun Sep 06 2026 03:34:34 GMT+0000 (UTC),0,,sighter,5,97.3,208.9,520.3,20.3,
,,,,,,,SOLO,1788665704271,Sun Sep 06 2026 03:35:04 GMT+0000 (UTC),0,,,5,44.3,-220.9,503.6,20.3,
,,,,,,,SOLO,1788665717149,Sun Sep 06 2026 03:35:17 GMT+0000 (UTC),0,,,5,-128.4,-78.8,503.6,20.2,
,,,,,,,SOLO,1788665733067,Sun Sep 06 2026 03:35:33 GMT+0000 (UTC),0,,,4,10.8,292.4,519.1,20.2,
,,,,,,,SOLO,1788665781926,Sun Sep 06 2026 03:36:21 GMT+0000 (UTC),0,,,X,15.7,61,518.2,20.2,
,,,,,,,SOLO,1788665792584,Sun Sep 06 2026 03:36:32 GMT+0000 (UTC),0,,,6,-1.1,-105.4,519.5,20.2,
,,,,,,,SOLO,1788665803605,Sun Sep 06 2026 03:36:43 GMT+0000 (UTC),0,,,5,-165,161.1,518.4,20.2,
,,,,,,,SOLO,1788665814606,Sun Sep 06 2026 03:36:54 GMT+0000 (UTC),0,,,6,24.6,-76.2,500.9,20.1,
,,,,,,,SOLO,1788665823410,Sun Sep 06 2026 03:37:03 GMT+0000 (UTC),0,,,5,-183.8,125,511.7,20.1,
,,,,,,,SOLO,1788665832608,Sun Sep 06 2026 03:37:12 GMT+0000 (UTC),0,,,5,119.7,-196.3,504.5,20.1,
,,,,,,,SOLO,1788665852229,Sun Sep 06 2026 03:37:32 GMT+0000 (UTC),0,,,6,-98.9,33.5,508.6,20.2,
,,,,,,,SOLO,1788665862430,Sun Sep 06 2026 03:37:42 GMT+0000 (UTC),0,,,X,-11.8,23.8,507.3,20.2,
,,,,,,,SOLO,1788665873360,Sun Sep 06 2026 03:37:53 GMT+0000 (UTC),0,,,5,-132.7,-16,505.8,20.2,
,,,,,,,SOLO,1788665881233,Sun Sep 06 2026 03:38:01 GMT+0000 (UTC),0,,,5,123.5,150.7,517.5,20.3,
,,,,,,,SOLO,1788665890855,Sun Sep 06 2026 03:38:10 GMT+0000 (UTC),0,,,6,82.1,-2,505,20.1,
,,,,,,,SOLO,1788665900674,Sun Sep 06 2026 03:38:20 GMT+0000 (UTC),0,,,5,-91.9,-95.9,507.7,20.2,
### next string,,,,,,,,,,,,,,,,,,
Laura Brinkley 13,Lockhart 2,AU-LR,2300,1695,-0.2,19,,,,,,,,,,,,
,,,,,,,SOLO,1788665021573,Sun Sep 06 2026 03:23:41 GMT+0000 (UTC),0,,sighter,3,237.6,363.3,428.3,24,
,,,,,,,SOLO,1788665063949,Sun Sep 06 2026 03:24:23 GMT+0000 (UTC),0,,sighter,4,315.9,-96.5,426,24.3,
,,,,,,,SOLO,1788665110808,Sun Sep 06 2026 03:25:10 GMT+0000 (UTC),0,,,4,128,236.3,423.4,23.9,
,,,,,,,SOLO,1788665177983,Sun Sep 06 2026 03:26:17 GMT+0000 (UTC),0,,,4,-224.7,267.3,422.8,23.9,
,,,,,,,SOLO,1788665496401,Sun Sep 06 2026 03:31:36 GMT+0000 (UTC),0,,,V,81.5,60.3,429.2,23.2,
,,,,,,,SOLO,1788665532616,Sun Sep 06 2026 03:32:12 GMT+0000 (UTC),0,,,5,212.8,137.3,424.5,23.2,
,,,,,,,SOLO,1788665574386,Sun Sep 06 2026 03:32:54 GMT+0000 (UTC),0,,,5,51.7,131,427.1,23,
,,,,,,,SOLO,1788665620719,Sun Sep 06 2026 03:33:40 GMT+0000 (UTC),0,,,V,-94.4,10.4,418.8,22.9,
,,,,,,,SOLO,1788665659497,Sun Sep 06 2026 03:34:19 GMT+0000 (UTC),0,,,V,16.1,-6.5,424.9,22.8,
,,,,,,,SOLO,1788665692027,Sun Sep 06 2026 03:34:52 GMT+0000 (UTC),0,,,V,-57.7,94.6,426.4,22.7,
,,,,,,,SOLO,1788665759857,Sun Sep 06 2026 03:35:59 GMT+0000 (UTC),0,,,4,-357.3,4,423.6,22.7,
,,,,,,,SOLO,1788665993152,Sun Sep 06 2026 03:39:53 GMT+0000 (UTC),0,,,4,363,-118.3,422.9,23.1,
,,,,,,,SOLO,1788666061228,Sun Sep 06 2026 03:41:01 GMT+0000 (UTC),0,,,4,-209.9,-259.1,423.1,23.4,
,,,,,,,SOLO,1788666103849,Sun Sep 06 2026 03:41:43 GMT+0000 (UTC),0,,,5,165.6,-62.4,423.7,23.3,
,,,,,,,SOLO,1788666149894,Sun Sep 06 2026 03:42:29 GMT+0000 (UTC),0,,,5,-212.7,-126.8,420.7,23.4,
,,,,,,,SOLO,1788666181227,Sun Sep 06 2026 03:43:01 GMT+0000 (UTC),0,,,V,84,56.9,426.1,23.8,
,,,,,,,SOLO,1788666207449,Sun Sep 06 2026 03:43:27 GMT+0000 (UTC),0,,,V,-12.3,122.1,427.2,23.4,
### next string,,,,,,,,,,,,,,,,,,
K Styles 900 11,Lockhart 3,AU-LR,2300,1695,18.1,4,,,,,,,,,,,,
,,,,,,,SOLO,1788666127203,Sun Sep 06 2026 03:42:07 GMT+0000 (UTC),0,,sighter,4,273.4,-208.9,414.9,21.1,
,,,,,,,SOLO,1788666149756,Sun Sep 06 2026 03:42:29 GMT+0000 (UTC),0,,sighter,4,-258.6,-70.6,405.1,21.2,
,,,,,,,SOLO,1788666181423,Sun Sep 06 2026 03:43:01 GMT+0000 (UTC),0,,,5,-48.8,193.1,412.1,21.1,
,,,,,,,SOLO,1788666191175,Sun Sep 06 2026 03:43:11 GMT+0000 (UTC),0,,,X,1.1,-5.6,410.1,21.2,
,,,,,,,SOLO,1788666198624,Sun Sep 06 2026 03:43:18 GMT+0000 (UTC),0,,,6,14.6,100.7,404.3,21.1,
,,,,,,,SOLO,1788666206811,Sun Sep 06 2026 03:43:26 GMT+0000 (UTC),0,,,X,-46.6,-9.1,411.6,21.2,
,,,,,,,SOLO,1788666213700,Sun Sep 06 2026 03:43:33 GMT+0000 (UTC),0,,,6,-77.2,47.5,406.5,21.2,
,,,,,,,SOLO,1788666219561,Sun Sep 06 2026 03:43:39 GMT+0000 (UTC),0,,,5,-110.3,84.2,411.4,21.1,
,,,,,,,SOLO,1788666229099,Sun Sep 06 2026 03:43:49 GMT+0000 (UTC),0,,,5,-205.2,22.8,408.8,21.1,
,,,,,,,SOLO,1788666236440,Sun Sep 06 2026 03:43:56 GMT+0000 (UTC),0,,,X,16.4,1.8,400.7,21.1,
,,,,,,,SOLO,1788666243705,Sun Sep 06 2026 03:44:03 GMT+0000 (UTC),0,,,6,-108,61.9,409.4,21,
,,,,,,,SOLO,1788666252073,Sun Sep 06 2026 03:44:12 GMT+0000 (UTC),0,,,6,16.7,81.2,409.4,21.1,
,,,,,,,SOLO,1788666258329,Sun Sep 06 2026 03:44:18 GMT+0000 (UTC),0,,,5,82.7,-134.6,400.9,21.2,
,,,,,,,SOLO,1788666264302,Sun Sep 06 2026 03:44:24 GMT+0000 (UTC),0,,,6,-29.1,-74.1,406.8,21.1,
,,,,,,,SOLO,1788666271980,Sun Sep 06 2026 03:44:31 GMT+0000 (UTC),0,,,X,3.5,-19.4,407.4,21.2,
,,,,,,,SOLO,1788666277840,Sun Sep 06 2026 03:44:37 GMT+0000 (UTC),0,,,6,-4.1,-104.5,408.6,21,
,,,,,,,SOLO,1788666282756,Sun Sep 06 2026 03:44:42 GMT+0000 (UTC),0,,,6,47.5,49.2,411.3,21.1,
### next string,,,,,,,,,,,,,,,,,,
Sharp,Lockhart 4,AU-LR,2300,1695,-12.5,23.8,,,,,,,,,,,,
,,,,,,,SOLO,1788665950476,Sun Sep 06 2026 03:39:10 GMT+0000 (UTC),0,,sighter,5,-115.4,-192.8,419.4,22,
,,,,,,,SOLO,1788665986401,Sun Sep 06 2026 03:39:46 GMT+0000 (UTC),0,,sighter,5,126.2,58.1,428.2,22,
,,,,,,,SOLO,1788666021705,Sun Sep 06 2026 03:40:21 GMT+0000 (UTC),0,,,X,-17.5,-46.3,418.1,22.3,
,,,,,,,SOLO,1788666049805,Sun Sep 06 2026 03:40:49 GMT+0000 (UTC),0,,,6,76.3,-95.4,419.6,22.2,
,,,,,,,SOLO,1788666080484,Sun Sep 06 2026 03:41:20 GMT+0000 (UTC),0,,,6,123.1,-0.3,427.5,23.5,
,,,,,,,SOLO,1788666104549,Sun Sep 06 2026 03:41:44 GMT+0000 (UTC),0,,,5,34.1,-162.9,428.7,22.5,
,,,,,,,SOLO,1788666136850,Sun Sep 06 2026 03:42:16 GMT+0000 (UTC),0,,,5,184.9,-16.8,425.5,22.6,
,,,,,,,SOLO,1788666162535,Sun Sep 06 2026 03:42:42 GMT+0000 (UTC),0,,,6,-74.2,33.2,423.9,22.5,
,,,,,,,SOLO,1788666188083,Sun Sep 06 2026 03:43:08 GMT+0000 (UTC),0,,,6,19.4,85.2,422.8,22.5,
,,,,,,,SOLO,1788666218406,Sun Sep 06 2026 03:43:38 GMT+0000 (UTC),0,,,6,-122.2,7.4,419.5,22.4,
,,,,,,,SOLO,1788666236429,Sun Sep 06 2026 03:43:56 GMT+0000 (UTC),0,,,5,-114.8,121.3,425.2,22.6,
,,,,,,,SOLO,1788666268973,Sun Sep 06 2026 03:44:28 GMT+0000 (UTC),0,,,6,62,74.2,421.9,22.7,
,,,,,,,SOLO,1788666290286,Sun Sep 06 2026 03:44:50 GMT+0000 (UTC),0,,,X,24.5,-24.6,422.3,22.5,
,,,,,,,SOLO,1788666314969,Sun Sep 06 2026 03:45:14 GMT+0000 (UTC),0,,,6,107.2,5.6,422,22.6,
,,,,,,,SOLO,1788666340348,Sun Sep 06 2026 03:45:40 GMT+0000 (UTC),0,,,6,-47.8,-74.6,419.3,22.4,
,,,,,,,SOLO,1788666362176,Sun Sep 06 2026 03:46:02 GMT+0000 (UTC),0,,,5,160.6,-16.8,421.9,24.8,
,,,,,,,SOLO,1788666392908,Sun Sep 06 2026 03:46:32 GMT+0000 (UTC),0,,,6,130.9,-8.6,421.3,22.3,
### next string,,,,,,,,,,,,,,,,,,
David Dupree,Lockhart 1,AU-LR,2300,1695,25.6,15.6,,,,,,,,,,,,
,,,,,,,SOLO,1788665488110,Sun Sep 06 2026 03:31:28 GMT+0000 (UTC),0,,sighter,5,-89.8,160,464.8,22.6,
,,,,,,,SOLO,1788665553788,Sun Sep 06 2026 03:32:33 GMT+0000 (UTC),0,,,6,96.5,35.4,477.2,22.4,
,,,,,,,SOLO,1788665589338,Sun Sep 06 2026 03:33:09 GMT+0000 (UTC),0,,,5,198.6,-96.5,466.3,22.5,
,,,,,,,SOLO,1788665673520,Sun Sep 06 2026 03:34:33 GMT+0000 (UTC),0,,,5,96.3,110.1,466.9,22.1,
,,,,,,,SOLO,1788665714532,Sun Sep 06 2026 03:35:14 GMT+0000 (UTC),0,,,5,-80.5,-161.4,465.8,22.3,
,,,,,,,SOLO,1788665861938,Sun Sep 06 2026 03:37:41 GMT+0000 (UTC),0,,,6,-72,-58.4,464.9,22.3,
,,,,,,,SOLO,1788665896431,Sun Sep 06 2026 03:38:16 GMT+0000 (UTC),0,,,4,233.5,-161.1,465.8,22.3,
,,,,,,,SOLO,1788665929853,Sun Sep 06 2026 03:38:49 GMT+0000 (UTC),0,,,X,3.8,-19.8,466.2,22.4,
,,,,,,,SOLO,1788665985544,Sun Sep 06 2026 03:39:45 GMT+0000 (UTC),0,,,5,-15.7,-155.5,461.1,22.4,
,,,,,,,SOLO,1788666201535,Sun Sep 06 2026 03:43:21 GMT+0000 (UTC),0,,,6,-22.6,-94.7,464.5,23,
,,,,,,,SOLO,1788666231351,Sun Sep 06 2026 03:43:51 GMT+0000 (UTC),0,,,6,97.6,82.4,461.5,22.9,
,,,,,,,SOLO,1788666262473,Sun Sep 06 2026 03:44:22 GMT+0000 (UTC),0,,,5,-216.6,52.7,459.3,22.9,
,,,,,,,SOLO,1788666316823,Sun Sep 06 2026 03:45:16 GMT+0000 (UTC),0,,,4,-114.6,261.6,468.3,22.8,
,,,,,,,SOLO,1788666337879,Sun Sep 06 2026 03:45:37 GMT+0000 (UTC),0,,,6,100.8,-1,463.6,22.5,
,,,,,,,SOLO,1788666352515,Sun Sep 06 2026 03:45:52 GMT+0000 (UTC),0,,,5,170.2,73.5,462.8,22.6,
,,,,,,,SOLO,1788666373571,Sun Sep 06 2026 03:46:13 GMT+0000 (UTC),0,,,5,139.2,-89.7,464.7,22.5,
### next string,,,,,,,,,,,,,,,,,,
Tim golden 34,Lockhart 2,AU-LR,2300,1695,-0.2,19,,,,,,,,,,,,
,,,,,,,SOLO,1788666352525,Sun Sep 06 2026 03:45:52 GMT+0000 (UTC),0,,sighter,1,-986.4,416.8,596.5,23.1,
,,,,,,,SOLO,1788666494413,Sun Sep 06 2026 03:48:14 GMT+0000 (UTC),0,,sighter,2,862.6,-15.6,435.2,22.8,
,,,,,,,SOLO,1788666565762,Sun Sep 06 2026 03:49:25 GMT+0000 (UTC),0,,,2,641.9,35.2,439.8,25.4,
,,,,,,,SOLO,1788666616707,Sun Sep 06 2026 03:50:16 GMT+0000 (UTC),0,,,4,278.9,151.9,436.2,22.4,
,,,,,,,SOLO,1788666652419,Sun Sep 06 2026 03:50:52 GMT+0000 (UTC),0,,,4,-238.3,-179.4,425.4,22.3,
,,,,,,,SOLO,1788666688212,Sun Sep 06 2026 03:51:28 GMT+0000 (UTC),0,,,6,-25.4,-77.2,439.1,22.4,
,,,,,,,SOLO,1788666717963,Sun Sep 06 2026 03:51:57 GMT+0000 (UTC),0,,,6,-29.9,-88.3,433.1,24.9,
,,,,,,,SOLO,1788666748298,Sun Sep 06 2026 03:52:28 GMT+0000 (UTC),0,,,5,-89.4,-194.4,432.3,22.6,
,,,,,,,SOLO,1788666787016,Sun Sep 06 2026 03:53:07 GMT+0000 (UTC),0,,,4,30.9,-286.8,422.6,22.6,
,,,,,,,SOLO,1788666838043,Sun Sep 06 2026 03:53:58 GMT+0000 (UTC),0,,,4,-105.5,-328,441.3,22.6,
,,,,,,,SOLO,1788666861740,Sun Sep 06 2026 03:54:21 GMT+0000 (UTC),0,,,5,-227.2,-101,442.4,22.5,
,,,,,,,SOLO,1788666890791,Sun Sep 06 2026 03:54:50 GMT+0000 (UTC),0,,,5,71.8,-111.8,435.4,22.6,
,,,,,,,SOLO,1788666931443,Sun Sep 06 2026 03:55:31 GMT+0000 (UTC),0,,,6,-120.4,37.7,448.5,22.6,
,,,,,,,SOLO,1788666967884,Sun Sep 06 2026 03:56:07 GMT+0000 (UTC),0,,,6,84.5,-66.2,432,22.4,
,,,,,,,SOLO,1788667004953,Sun Sep 06 2026 03:56:44 GMT+0000 (UTC),0,,,4,326,-50.6,426.7,22.9,
,,,,,,,SOLO,1788667054673,Sun Sep 06 2026 03:57:34 GMT+0000 (UTC),0,,,5,164.7,26.9,437.9,21.2,
,,,,,,,SOLO,1788667087609,Sun Sep 06 2026 03:58:07 GMT+0000 (UTC),0,,,X,4.4,-26.9,427.4,22.4,
### next string,,,,,,,,,,,,,,,,,,
R McRae,Lockhart 4,AU-LR,2300,1695,-12.5,23.8,,,,,,,,,,,,
,,,,,,,SOLO,1788666663449,Sun Sep 06 2026 03:51:03 GMT+0000 (UTC),0,,sighter,5,-4.3,164.9,433.2,21.8,
,,,,,,,SOLO,1788666698088,Sun Sep 06 2026 03:51:38 GMT+0000 (UTC),0,,,6,16.4,-83.6,437.5,21.9,
,,,,,,,SOLO,1788666722491,Sun Sep 06 2026 03:52:02 GMT+0000 (UTC),0,,,6,-97.4,68.7,434.2,21.9,
,,,,,,,SOLO,1788666745211,Sun Sep 06 2026 03:52:25 GMT+0000 (UTC),0,,,5,68.6,-139.1,433.2,21.9,
,,,,,,,SOLO,1788666775378,Sun Sep 06 2026 03:52:55 GMT+0000 (UTC),0,,,X,-3.3,-20.1,436.1,22,
,,,,,,,SOLO,1788666793887,Sun Sep 06 2026 03:53:13 GMT+0000 (UTC),0,,,6,59,58,435.3,22.1,
,,,,,,,SOLO,1788666815166,Sun Sep 06 2026 03:53:35 GMT+0000 (UTC),0,,,X,-8.6,4,441.7,22.1,
,,,,,,,SOLO,1788666837240,Sun Sep 06 2026 03:53:57 GMT+0000 (UTC),0,,,6,55,-58.5,437,22.1,
,,,,,,,SOLO,1788666857945,Sun Sep 06 2026 03:54:17 GMT+0000 (UTC),0,,,X,-36.7,32.7,432.7,22.1,
,,,,,,,SOLO,1788666876806,Sun Sep 06 2026 03:54:36 GMT+0000 (UTC),0,,,5,80.2,-112.9,435.6,21.6,
,,,,,,,SOLO,1788666904126,Sun Sep 06 2026 03:55:04 GMT+0000 (UTC),0,,,5,143.3,-8.8,436.2,21.8,
,,,,,,,SOLO,1788666936951,Sun Sep 06 2026 03:55:36 GMT+0000 (UTC),0,,,5,-101.9,-90.9,434.1,22,
,,,,,,,SOLO,1788666977623,Sun Sep 06 2026 03:56:17 GMT+0000 (UTC),0,,,6,-56.9,-68.7,432.2,21.8,
,,,,,,,SOLO,1788666999607,Sun Sep 06 2026 03:56:39 GMT+0000 (UTC),0,,,5,123,86.1,435.8,21.9,
,,,,,,,SOLO,1788667021538,Sun Sep 06 2026 03:57:01 GMT+0000 (UTC),0,,,6,45.8,114.5,434.5,21.9,
,,,,,,,SOLO,1788667045500,Sun Sep 06 2026 03:57:25 GMT+0000 (UTC),0,,,5,233.4,-47.1,433,21.9,
### next string,,,,,,,,,,,,,,,,,,
Rowlands ,Lockhart 3,AU-LR,2300,1695,18.1,4,,,,,,,,,,,,
,,,,,,,SOLO,1788666619530,Sun Sep 06 2026 03:50:19 GMT+0000 (UTC),0,,sighter,5,186.7,52.3,416.2,20,
,,,,,,,SOLO,1788666649137,Sun Sep 06 2026 03:50:49 GMT+0000 (UTC),0,,,6,-69.7,52,417.6,19.9,
,,,,,,,SOLO,1788666682553,Sun Sep 06 2026 03:51:22 GMT+0000 (UTC),0,,,6,-71.5,10.1,416.9,20.1,
,,,,,,,SOLO,1788666712515,Sun Sep 06 2026 03:51:52 GMT+0000 (UTC),0,,,6,-55.3,-40.1,413,20.1,
,,,,,,,SOLO,1788666734177,Sun Sep 06 2026 03:52:14 GMT+0000 (UTC),0,,,6,74,-24.7,416.3,20.1,
,,,,,,,SOLO,1788666753210,Sun Sep 06 2026 03:52:33 GMT+0000 (UTC),0,,,X,-0.2,-45.2,421.6,20.2,
,,,,,,,SOLO,1788666774817,Sun Sep 06 2026 03:52:54 GMT+0000 (UTC),0,,,6,65.1,-44.2,412.7,20.3,
,,,,,,,SOLO,1788666797502,Sun Sep 06 2026 03:53:17 GMT+0000 (UTC),0,,,6,-87,-84.2,418.1,20.4,
,,,,,,,SOLO,1788666854093,Sun Sep 06 2026 03:54:14 GMT+0000 (UTC),0,,,6,57.7,-110.7,413.8,20.4,
,,,,,,,SOLO,1788666883172,Sun Sep 06 2026 03:54:43 GMT+0000 (UTC),0,,,6,42.7,-108,413.4,20.3,
,,,,,,,SOLO,1788666909215,Sun Sep 06 2026 03:55:09 GMT+0000 (UTC),0,,,5,62.6,-136.7,417.7,20.4,
,,,,,,,SOLO,1788666954169,Sun Sep 06 2026 03:55:54 GMT+0000 (UTC),0,,,6,31.4,-88.7,415.3,20.2,
,,,,,,,SOLO,1788666976953,Sun Sep 06 2026 03:56:16 GMT+0000 (UTC),0,,,5,216.3,-52.6,413.9,20.2,
,,,,,,,SOLO,1788667008798,Sun Sep 06 2026 03:56:48 GMT+0000 (UTC),0,,,4,377.9,44.9,419.2,20.2,
,,,,,,,SOLO,1788667056879,Sun Sep 06 2026 03:57:36 GMT+0000 (UTC),0,,,4,333.1,-67.2,413.2,20,
,,,,,,,SOLO,1788667097285,Sun Sep 06 2026 03:58:17 GMT+0000 (UTC),0,,,6,37.8,66.6,414.8,20,
### next string,,,,,,,,,,,,,,,,,,
Ccowell900,Lockhart 1,AU-LR,2300,1695,25.6,15.6,,,,,,,,,,,,
,,,,,,,SOLO,1788666580700,Sun Sep 06 2026 03:49:40 GMT+0000 (UTC),0,,sighter,4,222.1,215.6,443.1,21.9,
,,,,,,,SOLO,1788666606723,Sun Sep 06 2026 03:50:06 GMT+0000 (UTC),0,,,6,-21.1,125.9,447.6,22,
,,,,,,,SOLO,1788666636251,Sun Sep 06 2026 03:50:36 GMT+0000 (UTC),0,,,6,-84.6,16.6,446.1,21.8,
,,,,,,,SOLO,1788666690034,Sun Sep 06 2026 03:51:30 GMT+0000 (UTC),0,,,5,-162.8,-36,439.2,21.9,
,,,,,,,SOLO,1788666709658,Sun Sep 06 2026 03:51:49 GMT+0000 (UTC),0,,,5,-93.2,152.4,443.6,21.9,
,,,,,,,SOLO,1788666733266,Sun Sep 06 2026 03:52:13 GMT+0000 (UTC),0,,,6,-25.2,117.2,454.9,22,
,,,,,,,SOLO,1788666788569,Sun Sep 06 2026 03:53:08 GMT+0000 (UTC),0,,,4,109,-267.9,437.1,21,
,,,,,,,SOLO,1788666814160,Sun Sep 06 2026 03:53:34 GMT+0000 (UTC),0,,,X,-19.5,-7.3,445.4,22.1,
,,,,,,,SOLO,1788666830313,Sun Sep 06 2026 03:53:50 GMT+0000 (UTC),0,,,6,-75.1,3.8,450.8,22.1,
,,,,,,,SOLO,1788666884442,Sun Sep 06 2026 03:54:44 GMT+0000 (UTC),0,,,6,99.5,-4.5,443.2,22.1,
,,,,,,,SOLO,1788666915101,Sun Sep 06 2026 03:55:15 GMT+0000 (UTC),0,,,6,-93.3,35.2,448.3,22,
,,,,,,,SOLO,1788666933132,Sun Sep 06 2026 03:55:33 GMT+0000 (UTC),0,,,X,-0.2,62.1,447.1,21.9,
,,,,,,,SOLO,1788666949279,Sun Sep 06 2026 03:55:49 GMT+0000 (UTC),0,,,6,-67.1,26.6,451.3,22,
,,,,,,,SOLO,1788666990826,Sun Sep 06 2026 03:56:30 GMT+0000 (UTC),0,,,5,160.4,56.6,450,21.9,
,,,,,,,SOLO,1788667013034,Sun Sep 06 2026 03:56:53 GMT+0000 (UTC),0,,,5,243.9,-14.7,447.7,22,
,,,,,,,SOLO,1788667079434,Sun Sep 06 2026 03:57:59 GMT+0000 (UTC),0,,,5,120.4,104.2,448.3,21.8,
### next string,,,,,,,,,,,,,,,,,,
Ballantyne,Lockhart 4,AU-LR,2300,1695,-12.5,23.8,,,,,,,,,,,,
,,,,,,,SOLO,1788667212972,Sun Sep 06 2026 04:00:12 GMT+0000 (UTC),0,,,4,-221.2,265.4,393.8,21.6,
,,,,,,,SOLO,1788667246867,Sun Sep 06 2026 04:00:46 GMT+0000 (UTC),0,,,4,220.9,295.5,397.8,21.5,
,,,,,,,SOLO,1788667284569,Sun Sep 06 2026 04:01:24 GMT+0000 (UTC),0,,,4,-105.4,-264.1,389.7,21.6,
,,,,,,,SOLO,1788667310615,Sun Sep 06 2026 04:01:50 GMT+0000 (UTC),0,,,V,-33.5,-120.2,394.1,21.7,
,,,,,,,SOLO,1788667336684,Sun Sep 06 2026 04:02:16 GMT+0000 (UTC),0,,,5,-124.8,-116.2,397,21.9,
,,,,,,,SOLO,1788667361693,Sun Sep 06 2026 04:02:41 GMT+0000 (UTC),0,,,5,-184.5,23.5,394.2,21.9,
,,,,,,,SOLO,1788667384359,Sun Sep 06 2026 04:03:04 GMT+0000 (UTC),0,,,V,33.7,12.8,397.7,22,
,,,,,,,SOLO,1788667408171,Sun Sep 06 2026 04:03:28 GMT+0000 (UTC),0,,,V,47.5,-92.9,407,21.9,
,,,,,,,SOLO,1788667428730,Sun Sep 06 2026 04:03:48 GMT+0000 (UTC),0,,,4,-266.4,-26.5,396.1,22.1,
,,,,,,,SOLO,1788667452004,Sun Sep 06 2026 04:04:12 GMT+0000 (UTC),0,,,4,350.1,-13.3,403.9,22.1,
,,,,,,,SOLO,1788667476847,Sun Sep 06 2026 04:04:36 GMT+0000 (UTC),0,,,3,503.2,-150.4,399.5,22.2,
,,,,,,,SOLO,1788667500004,Sun Sep 06 2026 04:05:00 GMT+0000 (UTC),0,,,V,100,39.6,404,23.6,
,,,,,,,SOLO,1788667523387,Sun Sep 06 2026 04:05:23 GMT+0000 (UTC),0,,,4,-265.6,-196.5,396.9,23.4,
,,,,,,,SOLO,1788667545463,Sun Sep 06 2026 04:05:45 GMT+0000 (UTC),0,,,4,-91.9,250.8,406.8,22.4,
,,,,,,,SOLO,1788667568043,Sun Sep 06 2026 04:06:08 GMT+0000 (UTC),0,,,4,-285,-104.2,395.1,22.4,
### next string,,,,,,,,,,,,,,,,,,
K mcguigan,Lockhart 3,AU-LR,2300,1695,18.1,4,,,,,,,,,,,,
,,,,,,,SOLO,1788667243294,Sun Sep 06 2026 04:00:43 GMT+0000 (UTC),0,,,5,-189.6,-162.1,430.5,19.8,
,,,,,,,SOLO,1788667276751,Sun Sep 06 2026 04:01:16 GMT+0000 (UTC),0,,,5,-48.6,171.3,435.9,19.8,
,,,,,,,SOLO,1788667308172,Sun Sep 06 2026 04:01:48 GMT+0000 (UTC),0,,,5,94.5,-116.2,432,19.9,
,,,,,,,SOLO,1788667346323,Sun Sep 06 2026 04:02:26 GMT+0000 (UTC),0,,,V,-22.3,28.6,432.2,20.1,
,,,,,,,SOLO,1788667384553,Sun Sep 06 2026 04:03:04 GMT+0000 (UTC),0,,,V,38.2,-60.4,436,20.2,
,,,,,,,SOLO,1788667411243,Sun Sep 06 2026 04:03:31 GMT+0000 (UTC),0,,,5,-158.9,-163.9,431.1,20.3,
,,,,,,,SOLO,1788667460323,Sun Sep 06 2026 04:04:20 GMT+0000 (UTC),0,,,4,-353.4,-58.9,432.9,20.5,
,,,,,,,SOLO,1788667499533,Sun Sep 06 2026 04:04:59 GMT+0000 (UTC),0,,,4,-241.7,-269.3,429.5,20.5,
,,,,,,,SOLO,1788667566224,Sun Sep 06 2026 04:06:06 GMT+0000 (UTC),0,,,3,-448.2,-99.7,427,20.6,
,,,,,,,SOLO,1788667634436,Sun Sep 06 2026 04:07:14 GMT+0000 (UTC),0,,,2,-36.9,-587.6,422.5,20.5,
,,,,,,,SOLO,1788667731840,Sun Sep 06 2026 04:08:51 GMT+0000 (UTC),0,,,4,284.6,-150.7,433.4,20.9,
,,,,,,,SOLO,1788667765185,Sun Sep 06 2026 04:09:25 GMT+0000 (UTC),0,,,V,58.6,-20.9,434,20.8,
,,,,,,,SOLO,1788667792712,Sun Sep 06 2026 04:09:52 GMT+0000 (UTC),0,,,4,163.7,-223.1,424,21.1,
,,,,,,,SOLO,1788667830971,Sun Sep 06 2026 04:10:30 GMT+0000 (UTC),0,,,5,37.4,148.8,425.2,21.1,
,,,,,,,SOLO,1788667870498,Sun Sep 06 2026 04:11:10 GMT+0000 (UTC),0,,,5,-192.7,-132.1,431,21.1,
### next string,,,,,,,,,,,,,,,,,,
Chris Halloran,Lockhart 1,AU-LR,2300,1695,25.6,15.6,,,,,,,,,,,,
,,,,,,,SOLO,1788667225533,Sun Sep 06 2026 04:00:25 GMT+0000 (UTC),0,,sighter,5,13.5,-254.8,510,21.8,
,,,,,,,SOLO,1788667262838,Sun Sep 06 2026 04:01:02 GMT+0000 (UTC),0,,sighter,4,-136.2,-325.1,519.3,22.9,
,,,,,,,SOLO,1788667326281,Sun Sep 06 2026 04:02:06 GMT+0000 (UTC),0,,,5,121.9,57,457.2,22.1,
,,,,,,,SOLO,1788667359206,Sun Sep 06 2026 04:02:39 GMT+0000 (UTC),0,,,V,-89.8,-15.9,515.8,22.1,
,,,,,,,SOLO,1788667384103,Sun Sep 06 2026 04:03:04 GMT+0000 (UTC),0,,,5,201.9,87.4,445.9,22.1,
,,,,,,,SOLO,1788667422759,Sun Sep 06 2026 04:03:42 GMT+0000 (UTC),0,,,V,32.6,41.7,453.4,22.2,
,,,,,,,SOLO,1788667452750,Sun Sep 06 2026 04:04:12 GMT+0000 (UTC),0,,,V,-88.3,3.4,464.3,22.1,
,,,,,,,SOLO,1788667490514,Sun Sep 06 2026 04:04:50 GMT+0000 (UTC),0,,,V,-39.7,-27.7,444.2,23.1,
,,,,,,,SOLO,1788667518618,Sun Sep 06 2026 04:05:18 GMT+0000 (UTC),0,,,4,-137,-364,436.5,22.1,
,,,,,,,SOLO,1788667632214,Sun Sep 06 2026 04:07:12 GMT+0000 (UTC),0,,,4,-140.6,250.3,458.3,22.1,
,,,,,,,SOLO,1788667678170,Sun Sep 06 2026 04:07:58 GMT+0000 (UTC),0,,,V,-94.8,80.9,445.8,22.3,
,,,,,,,SOLO,1788667704770,Sun Sep 06 2026 04:08:24 GMT+0000 (UTC),0,,,5,88.6,240.4,513.7,22.3,
,,,,,,,SOLO,1788667744596,Sun Sep 06 2026 04:09:04 GMT+0000 (UTC),0,,,4,-95.1,258,456.2,22.3,
,,,,,,,SOLO,1788667785280,Sun Sep 06 2026 04:09:45 GMT+0000 (UTC),0,,,5,-48.5,200,449.6,22.6,
,,,,,,,SOLO,1788667844906,Sun Sep 06 2026 04:10:44 GMT+0000 (UTC),0,,,5,177.7,-89,511,22.6,
,,,,,,,SOLO,1788667877539,Sun Sep 06 2026 04:11:17 GMT+0000 (UTC),0,,,2,-430.4,-481.7,434.7,22.6,
,,,,,,,SOLO,1788667949286,Sun Sep 06 2026 04:12:29 GMT+0000 (UTC),0,,,V,-119,28.1,516.8,22.8,
### next string,,,,,,,,,,,,,,,,,,
Mark A,Lockhart 2,AU-LR,2300,1695,-0.2,19,,,,,,,,,,,,
,,,,,,,SOLO,1788667169151,Sun Sep 06 2026 03:59:29 GMT+0000 (UTC),0,,sighter,5,-148.3,202.8,502.3,21.3,
,,,,,,,SOLO,1788667221335,Sun Sep 06 2026 04:00:21 GMT+0000 (UTC),0,,sighter,5,-205.6,102.7,504.1,21.9,
,,,,,,,SOLO,1788667398706,Sun Sep 06 2026 04:03:18 GMT+0000 (UTC),0,,,6,-49.6,-84,500.1,22.7,
,,,,,,,SOLO,1788667422864,Sun Sep 06 2026 04:03:42 GMT+0000 (UTC),0,,,5,-176.9,-121.9,500.9,22.7,
,,,,,,,SOLO,1788667515241,Sun Sep 06 2026 04:05:15 GMT+0000 (UTC),0,,,5,-151.6,-56,509.2,22.9,
,,,,,,,SOLO,1788667891873,Sun Sep 06 2026 04:11:31 GMT+0000 (UTC),0,,,6,-57.9,-98.1,503.6,23.4,
,,,,,,,SOLO,1788667918881,Sun Sep 06 2026 04:11:58 GMT+0000 (UTC),0,,,6,19.3,-129.2,510.8,25.9,
,,,,,,,SOLO,1788667941507,Sun Sep 06 2026 04:12:21 GMT+0000 (UTC),0,,,4,296,27.9,504.6,23.5,
,,,,,,,SOLO,1788667985362,Sun Sep 06 2026 04:13:05 GMT+0000 (UTC),0,,,X,-34.8,-39.5,499.6,23.6,
,,,,,,,SOLO,1788668002203,Sun Sep 06 2026 04:13:22 GMT+0000 (UTC),0,,,6,9.4,-113,499.3,23.6,
,,,,,,,SOLO,1788668029488,Sun Sep 06 2026 04:13:49 GMT+0000 (UTC),0,,,5,-133.3,-108.6,503.9,23.6,
,,,,,,,SOLO,1788668111017,Sun Sep 06 2026 04:15:11 GMT+0000 (UTC),0,,,X,-13.3,-59.7,498.6,25.9,
,,,,,,,SOLO,1788668126989,Sun Sep 06 2026 04:15:26 GMT+0000 (UTC),0,,,X,-52,-20,508.4,23.6,
,,,,,,,SOLO,1788668203701,Sun Sep 06 2026 04:16:43 GMT+0000 (UTC),0,,,5,181,56.5,511.9,23.4,
,,,,,,,SOLO,1788668227729,Sun Sep 06 2026 04:17:07 GMT+0000 (UTC),0,,,X,27.6,-48.4,503.8,23.5,
,,,,,,,SOLO,1788668239017,Sun Sep 06 2026 04:17:19 GMT+0000 (UTC),0,,,X,13.2,-20.4,503.6,23.4,
,,,,,,,SOLO,1788668251492,Sun Sep 06 2026 04:17:31 GMT+0000 (UTC),0,,,6,45.7,74.2,511.4,23.1,
### next string,,,,,,,,,,,,,,,,,,
Norm jamieson,Lockhart 4,AU-LR,2300,1695,-12.5,23.8,,,,,,,,,,,,
,,,,,,,SOLO,1788667700422,Sun Sep 06 2026 04:08:20 GMT+0000 (UTC),0,,,X,-61.5,-17.7,440,22.4,
,,,,,,,SOLO,1788667716783,Sun Sep 06 2026 04:08:36 GMT+0000 (UTC),0,,,X,-6.7,-39.4,435.6,22.6,
,,,,,,,SOLO,1788667730270,Sun Sep 06 2026 04:08:50 GMT+0000 (UTC),0,,,6,94.2,-33.5,432.3,22.6,
,,,,,,,SOLO,1788667741217,Sun Sep 06 2026 04:09:01 GMT+0000 (UTC),0,,,X,14.3,-56.8,434,22.6,
,,,,,,,SOLO,1788667754072,Sun Sep 06 2026 04:09:14 GMT+0000 (UTC),0,,,6,33.6,-63.5,435.3,22.5,
,,,,,,,SOLO,1788667765550,Sun Sep 06 2026 04:09:25 GMT+0000 (UTC),0,,,6,79.1,-57.5,431.7,21.7,
,,,,,,,SOLO,1788667776292,Sun Sep 06 2026 04:09:36 GMT+0000 (UTC),0,,,6,90.4,-17.9,433.8,23.2,
,,,,,,,SOLO,1788667786948,Sun Sep 06 2026 04:09:46 GMT+0000 (UTC),0,,,6,22.2,-71.5,440.1,22.6,
,,,,,,,SOLO,1788667798403,Sun Sep 06 2026 04:09:58 GMT+0000 (UTC),0,,,6,70.9,-21.4,435,22.7,
,,,,,,,SOLO,1788667808982,Sun Sep 06 2026 04:10:08 GMT+0000 (UTC),0,,,5,3.9,-143.8,434.1,23.2,
,,,,,,,SOLO,1788667821137,Sun Sep 06 2026 04:10:21 GMT+0000 (UTC),0,,,6,68.5,-81.1,434.3,22.8,
,,,,,,,SOLO,1788667833140,Sun Sep 06 2026 04:10:33 GMT+0000 (UTC),0,,,6,31.5,-124.5,429.6,22.7,
,,,,,,,SOLO,1788667846913,Sun Sep 06 2026 04:10:46 GMT+0000 (UTC),0,,,X,-25.5,-39.7,432.2,22.8,
,,,,,,,SOLO,1788667858099,Sun Sep 06 2026 04:10:58 GMT+0000 (UTC),0,,,X,-31.4,-14.8,431.7,22.3,
,,,,,,,SOLO,1788667869257,Sun Sep 06 2026 04:11:09 GMT+0000 (UTC),0,,,5,-166.2,-90.4,445.2,22.7,
### next string,,,,,,,,,,,,,,,,,,
Phipps,Lockhart 2,AU-LR,2300,1695,-0.2,19,,,,,,,,,,,,
,,,,,,,SOLO,1788668378767,Sun Sep 06 2026 04:19:38 GMT+0000 (UTC),0,,sighter,X,53.5,-11,483.5,23,
,,,,,,,SOLO,1788668392917,Sun Sep 06 2026 04:19:52 GMT+0000 (UTC),0,,sighter,5,52.4,121.1,470.8,22.9,
,,,,,,,SOLO,1788668408635,Sun Sep 06 2026 04:20:08 GMT+0000 (UTC),0,,,5,167.8,2,475.6,22.9,
,,,,,,,SOLO,1788668432228,Sun Sep 06 2026 04:20:32 GMT+0000 (UTC),0,,,6,-95.8,-15.7,474.2,23,
,,,,,,,SOLO,1788668442177,Sun Sep 06 2026 04:20:42 GMT+0000 (UTC),0,,,5,-197.9,-159,473.4,23,
,,,,,,,SOLO,1788668463196,Sun Sep 06 2026 04:21:03 GMT+0000 (UTC),0,,,X,29.8,-11.2,472.9,22.9,
,,,,,,,SOLO,1788668473560,Sun Sep 06 2026 04:21:13 GMT+0000 (UTC),0,,,X,10.4,-37.6,471.8,23,
,,,,,,,SOLO,1788668484159,Sun Sep 06 2026 04:21:24 GMT+0000 (UTC),0,,,6,75.9,-32,474.9,22.9,
,,,,,,,SOLO,1788668494704,Sun Sep 06 2026 04:21:34 GMT+0000 (UTC),0,,,6,83.6,-52.5,471.3,22.9,
,,,,,,,SOLO,1788668505418,Sun Sep 06 2026 04:21:45 GMT+0000 (UTC),0,,,6,-11.3,-92.8,472.2,22.9,
,,,,,,,SOLO,1788668514344,Sun Sep 06 2026 04:21:54 GMT+0000 (UTC),0,,,6,41.8,-57.4,470.6,22.9,
,,,,,,,SOLO,1788668524784,Sun Sep 06 2026 04:22:04 GMT+0000 (UTC),0,,,6,-0.3,-86.6,468.6,21.5,
,,,,,,,SOLO,1788668537500,Sun Sep 06 2026 04:22:17 GMT+0000 (UTC),0,,,5,36.6,-155.4,470.6,23,
,,,,,,,SOLO,1788668549198,Sun Sep 06 2026 04:22:29 GMT+0000 (UTC),0,,,X,-47.3,40.4,472.2,23,
,,,,,,,SOLO,1788668561306,Sun Sep 06 2026 04:22:41 GMT+0000 (UTC),0,,,X,60.9,-18.2,471.7,23,
,,,,,,,SOLO,1788668573774,Sun Sep 06 2026 04:22:53 GMT+0000 (UTC),0,,,X,6.3,52.8,472,22.9,
,,,,,,,SOLO,1788668582826,Sun Sep 06 2026 04:23:02 GMT+0000 (UTC),0,,,6,-1.7,-74.5,468.1,22.9,
### next string,,,,,,,,,,,,,,,,,,
Roth,Lockhart 3,AU-LR,2300,1695,18.1,4,,,,,,,,,,,,
,,,,,,,SOLO,1788668044874,Sun Sep 06 2026 04:14:04 GMT+0000 (UTC),0,,sighter,4,293.9,20.1,356.7,21.5,
,,,,,,,SOLO,1788668093307,Sun Sep 06 2026 04:14:53 GMT+0000 (UTC),0,,,5,221.1,74,366.4,21.3,
,,,,,,,SOLO,1788668136270,Sun Sep 06 2026 04:15:36 GMT+0000 (UTC),0,,,5,209.9,-82.9,360.6,21.3,
,,,,,,,SOLO,1788668191125,Sun Sep 06 2026 04:16:31 GMT+0000 (UTC),0,,,5,202.2,-23.1,368.3,21.1,
,,,,,,,SOLO,1788668232976,Sun Sep 06 2026 04:17:12 GMT+0000 (UTC),0,,,5,130.8,87.7,360.1,21,
,,,,,,,SOLO,1788668392539,Sun Sep 06 2026 04:19:52 GMT+0000 (UTC),0,,,3,549.2,34.5,359.5,20.6,
,,,,,,,SOLO,1788669110140,Sun Sep 06 2026 04:31:50 GMT+0000 (UTC),0,,,3,-429.8,240.2,364.2,21.5,
,,,,,,,SOLO,1788669173717,Sun Sep 06 2026 04:32:53 GMT+0000 (UTC),0,,,V,-8.4,77.7,367.1,21.2,
,,,,,,,SOLO,1788669212395,Sun Sep 06 2026 04:33:32 GMT+0000 (UTC),0,,,5,-54.9,129.7,364.6,21.1,
,,,,,,,SOLO,1788669317196,Sun Sep 06 2026 04:35:17 GMT+0000 (UTC),0,,,5,-176.4,20.3,365.1,20.6,
,,,,,,,SOLO,1788669375892,Sun Sep 06 2026 04:36:15 GMT+0000 (UTC),0,,,5,-140,28.6,360.3,20.4,
,,,,,,,SOLO,1788669426014,Sun Sep 06 2026 04:37:06 GMT+0000 (UTC),0,,,V,0.5,104.7,358,20.4,
,,,,,,,SOLO,1788669638974,Sun Sep 06 2026 04:40:38 GMT+0000 (UTC),0,,,4,-216,204.1,361.9,19.8,
,,,,,,,SOLO,1788669796020,Sun Sep 06 2026 04:43:16 GMT+0000 (UTC),0,,,5,-181.6,-119.4,362.5,19.5,
,,,,,,,SOLO,1788669860563,Sun Sep 06 2026 04:44:20 GMT+0000 (UTC),0,,,V,-22.5,94.7,363.3,19.4,
,,,,,,,SOLO,1788669926900,Sun Sep 06 2026 04:45:26 GMT+0000 (UTC),0,,,3,-6.2,415.7,365.4,19.2,

